video,start_frame,start_time_s,vx,wz,start_reason,end_time_s,duration_s,ended_reason,completed,normal_hold_evaluable,normal_short_change
WIN_20260919_18_10_34_Pro_flip.mp4,0,0.0,0.5,0.0,new_block,1.2979233226837061,1.2979233226837061,new_block,True,True,False
WIN_20260919_18_10_34_Pro_flip.mp4,26,1.2979233226837061,0.5,-0.4,new_block,1.8470447284345048,0.5491214057507987,new_block,True,True,False
WIN_20260919_18_10_34_Pro_flip.mp4,37,1.8470447284345048,0.5,-0.1,new_block,2.3961661341853033,0.5491214057507985,new_block,True,True,False
WIN_20260919_18_10_34_Pro_flip.mp4,48,2.3961661341853033,0.5,-0.4,new_block,3.0451277955271565,0.6489616613418532,new_block,True,True,False
WIN_20260919_18_10_34_Pro_flip.mp4,61,3.0451277955271565,0.5,-0.5,new_block,3.893769968051118,0.8486421725239617,new_block,True,True,False
WIN_20260919_18_10_34_Pro_flip.mp4,78,3.893769968051118,0.5,-0.4,new_block,4.442891373801917,0.5491214057507987,new_block,True,True,False
WIN_20260919_18_10_34_Pro_flip.mp4,89,4.442891373801917,0.5,-0.5,new_block,4.992012779552716,0.5491214057507987,new_block,True,True,False
WIN_20260919_18_10_34_Pro_flip.mp4,100,4.992012779552716,0.5,-0.1,new_block,5.541134185303514,0.5491214057507987,new_block,True,True,False
WIN_20260919_18_10_34_Pro_flip.mp4,111,5.541134185303514,0.5,-0.5,new_block,6.240015974440895,0.6988817891373804,new_block,True,True,False
WIN_20260919_18_10_34_Pro_flip.mp4,125,6.240015974440895,0.5,-0.4,new_block,6.689297124600639,0.44928115015974424,cache_end,False,False,False
WIN_20260919_18_11_50_Pro_flip.mp4,0,0.0,0.5,0.4,new_block,1.548915758968722,1.548915758968722,new_block,True,True,False
WIN_20260919_18_11_50_Pro_flip.mp4,31,1.548915758968722,0.5,0.5,new_block,2.24842610172879,0.6995103427600682,geometry_lost,True,False,False
WIN_20260919_18_11_50_Pro_flip.mp4,45,2.24842610172879,0.0,0.0,geometry_lost,2.398321175177376,0.14989507344858577,new_block,True,False,False
WIN_20260919_18_11_50_Pro_flip.mp4,48,2.398321175177376,0.5,0.0,new_block,3.047866493454582,0.6495453182772062,new_block,True,True,False
WIN_20260919_18_11_50_Pro_flip.mp4,61,3.047866493454582,0.5,0.5,new_block,3.447586689317478,0.399720195862896,geometry_lost,True,False,False
WIN_20260919_18_11_50_Pro_flip.mp4,69,3.447586689317478,0.0,0.0,geometry_lost,3.547516738283202,0.099930048965724,new_block,True,False,False
WIN_20260919_18_11_50_Pro_flip.mp4,71,3.547516738283202,0.5,-0.5,new_block,4.49685220345758,0.9493354651743782,new_block,True,True,False
WIN_20260919_18_11_50_Pro_flip.mp4,90,4.49685220345758,0.5,-0.4,new_block,5.046467472769062,0.5496152693114817,new_block,True,True,False
WIN_20260919_18_11_50_Pro_flip.mp4,101,5.046467472769062,0.5,-0.5,new_block,6.145698011392025,1.0992305386229635,new_block,True,True,False
WIN_20260919_18_11_50_Pro_flip.mp4,123,6.145698011392025,0.5,-0.4,new_block,6.695313280703508,0.5496152693114826,new_block,True,True,False
WIN_20260919_18_11_50_Pro_flip.mp4,134,6.695313280703508,0.5,-0.5,new_block,6.945138403117818,0.2498251224143102,cache_end,False,False,False
WIN_20260919_18_13_14_Pro_flip.mp4,0,0.0,0.5,0.4,new_block,2.5974025974025974,2.5974025974025974,new_block,True,True,False
WIN_20260919_18_13_14_Pro_flip.mp4,52,2.5974025974025974,0.5,0.0,new_block,3.146853146853147,0.5494505494505497,new_block,True,True,False
WIN_20260919_18_13_14_Pro_flip.mp4,63,3.146853146853147,0.5,-0.4,new_block,3.6963036963036964,0.5494505494505493,new_block,True,True,False
WIN_20260919_18_13_14_Pro_flip.mp4,74,3.6963036963036964,0.5,0.0,new_block,4.545454545454546,0.8491508491508495,new_block,True,True,False
WIN_20260919_18_13_14_Pro_flip.mp4,91,4.545454545454546,0.5,0.4,new_block,5.144855144855145,0.5994005994005995,new_block,True,True,False
WIN_20260919_18_13_14_Pro_flip.mp4,103,5.144855144855145,0.5,0.5,new_block,5.794205794205794,0.6493506493506489,geometry_lost,True,False,False
WIN_20260919_18_13_14_Pro_flip.mp4,116,5.794205794205794,0.0,0.0,geometry_lost,6.693306693306694,0.8991008991008993,new_block,True,False,False
WIN_20260919_18_13_14_Pro_flip.mp4,134,6.693306693306694,0.5,0.4,new_block,7.042957042957043,0.34965034965034913,geometry_lost,True,False,False
WIN_20260919_18_13_14_Pro_flip.mp4,141,7.042957042957043,0.0,0.0,geometry_lost,7.092907092907093,0.04995004995005026,new_block,True,False,False
WIN_20260919_18_13_14_Pro_flip.mp4,142,7.092907092907093,0.5,0.0,new_block,7.492507492507492,0.3996003996003994,geometry_lost,True,False,False
WIN_20260919_18_13_14_Pro_flip.mp4,150,7.492507492507492,0.0,0.0,geometry_lost,8.091908091908092,0.5994005994005995,new_block,True,False,False
WIN_20260919_18_13_14_Pro_flip.mp4,162,8.091908091908092,0.5,0.0,new_block,8.491508491508492,0.3996003996004003,geometry_lost,True,False,False
WIN_20260919_18_13_14_Pro_flip.mp4,170,8.491508491508492,0.0,0.0,geometry_lost,8.641358641358641,0.149850149850149,cache_end,False,False,False
WIN_20260919_18_13_53_Pro_flip.mp4,0,0.0,0.5,0.4,new_block,0.5492310764929099,0.5492310764929099,new_block,True,True,False
WIN_20260919_18_13_53_Pro_flip.mp4,11,0.5492310764929099,0.5,0.0,new_block,0.9486718593968445,0.3994407829039346,geometry_lost,True,False,False
WIN_20260919_18_13_53_Pro_flip.mp4,19,0.9486718593968445,0.0,0.0,geometry_lost,1.048532055122828,0.09986019572598359,new_block,True,False,False
WIN_20260919_18_13_53_Pro_flip.mp4,21,1.048532055122828,0.5,-0.4,new_block,1.5977631316157381,0.54923107649291,new_block,True,True,False
WIN_20260919_18_13_53_Pro_flip.mp4,32,1.5977631316157381,0.5,0.0,new_block,2.146994208108648,0.5492310764929098,new_block,True,True,False
WIN_20260919_18_13_53_Pro_flip.mp4,43,2.146994208108648,0.5,0.4,new_block,2.8959456760535254,0.7489514679448774,new_block,True,True,False
WIN_20260919_18_13_53_Pro_flip.mp4,58,2.8959456760535254,0.5,0.0,new_block,3.4451767525464354,0.54923107649291,new_block,True,True,False
WIN_20260919_18_13_53_Pro_flip.mp4,69,3.4451767525464354,0.5,0.5,new_block,4.293988416217296,0.8488116636708605,geometry_lost,True,False,False
WIN_20260919_18_13_53_Pro_flip.mp4,86,4.293988416217296,0.0,0.0,geometry_lost,4.543638905532255,0.24965048931495915,new_block,True,False,False
WIN_20260919_18_13_53_Pro_flip.mp4,91,4.543638905532255,0.5,0.0,new_block,4.94307968843619,0.3994407829039348,geometry_lost,True,False,False
WIN_20260919_18_13_53_Pro_flip.mp4,99,4.94307968843619,0.0,0.0,geometry_lost,5.042939884162173,0.09986019572598348,new_block,True,False,False
WIN_20260919_18_13_53_Pro_flip.mp4,101,5.042939884162173,0.5,0.0,new_block,6.241262232873977,1.1983223487118035,cache_end,False,False,False
