key,truth,mode,found,quad_found,presence,classified,prediction,cue_scored,cue_gate_hit,score_raw,score_ref,score_gate_ref,score_gate_raw,adaptive_c_raw,adaptive_c_applied,ground_mean_raw,ground_std_raw,ground_stats_source,ground_std_used,contrast_scale,cue_ink_gate_raw,cue_core_gray_gate_raw,cue_contrast_gate_raw
background_negative,negative/no card,baseline,False,False,False,False,-,True,False,0.0,0.0,1.2,1.2,-16.0,True,150.1715019463668,30.255917590388357,offline diagnostic only,,1.0,12.0,100.0,4.0
background_negative,negative/no card,normalize,False,False,False,False,-,True,False,0.0,0.0,1.2,1.7569164820023757,-16.0,True,150.1715019463668,30.255917590388357,detector source ROI,30.255917590388357,1.4640970683353132,17.569164820023758,73.18616293305995,5.856388273341253
background_negative,negative/no card,canny,False,False,False,False,-,True,False,0.0,0.0,1.2,1.7569164820023757,-16.0,False,150.1715019463668,30.255917590388357,detector source ROI,30.255917590388357,1.4640970683353132,17.569164820023758,73.18616293305995,5.856388273341253
camera_commands3_1130,no six-class GT,baseline,False,False,False,False,-,True,False,0.0,0.0,1.2,1.2,-16.0,True,46.70373263888889,17.089163570238593,offline diagnostic only,,1.0,12.0,100.0,4.0
camera_commands3_1130,no six-class GT,normalize,False,False,False,False,-,True,True,3.470594886668317,4.196851219095217,1.2,0.9923425078909123,-13.231233438545498,True,46.70373263888889,17.089163570238593,detector source ROI,17.089163570238593,0.8269520899090936,9.923425078909123,3.220832244996572,3.3078083596363745
camera_commands3_1130,no six-class GT,canny,True,True,False,True,square,False,False,0.0,0.0,1.2,0.9923425078909123,-13.231233438545498,False,46.70373263888889,17.089163570238593,detector source ROI,17.089163570238593,0.8269520899090936,9.923425078909123,3.220832244996572,3.3078083596363745
camera_commands3_1150,no six-class GT,baseline,True,True,True,True,square,False,False,0.0,0.0,1.2,1.2,-16.0,True,57.456626157407406,20.356689811918528,offline diagnostic only,,1.0,12.0,100.0,4.0
camera_commands3_1150,no six-class GT,normalize,True,True,True,True,square,False,False,0.0,0.0,1.2,1.1820829344449055,-15.761105792598741,True,57.456626157407406,20.356689811918528,detector source ROI,20.356689811918528,0.9850691120374213,11.820829344449056,5.659596314322037,3.9402764481496853
camera_commands3_1150,no six-class GT,canny,True,True,True,True,square,False,False,0.0,0.0,1.2,1.1820829344449055,-15.761105792598741,False,57.456626157407406,20.356689811918528,detector source ROI,20.356689811918528,0.9850691120374213,11.820829344449056,5.659596314322037,3.9402764481496853
camera_commands3_1220,no six-class GT,baseline,False,False,False,False,-,True,False,0.0,0.0,1.2,1.2,-16.0,True,26.705594135802468,17.570140948919672,offline diagnostic only,,1.0,12.0,100.0,4.0
camera_commands3_1220,no six-class GT,normalize,False,False,False,False,-,True,True,3.5567903873759437,4.183343087734638,1.2,1.0202721544319755,-13.603628725759675,True,26.705594135802468,17.570140948919672,detector source ROI,17.570140948919672,0.8502267953599797,10.202721544319756,-18.00113979230259,3.4009071814399188
camera_commands3_1220,no six-class GT,canny,True,True,True,True,cross,False,False,0.0,0.0,1.2,1.0202721544319755,-13.603628725759675,False,26.705594135802468,17.570140948919672,detector source ROI,17.570140948919672,0.8502267953599797,10.202721544319756,-18.00113979230259,3.4009071814399188
camera_commands3_1230,no six-class GT,baseline,False,False,False,False,-,True,False,0.0,0.0,1.2,1.2,-16.0,True,34.455815972222226,20.800929798634932,offline diagnostic only,,1.0,12.0,100.0,4.0
camera_commands3_1230,no six-class GT,normalize,False,False,False,False,-,True,True,4.063853778820111,4.037344257299581,1.2,1.2078792948525805,-16.0,True,34.455815972222226,20.800929798634932,detector source ROI,20.800929798634932,1.0065660790438171,12.078792948525805,-18.471570135169408,4.0262643161752685
camera_commands3_1230,no six-class GT,canny,True,True,True,True,square,False,False,0.0,0.0,1.2,1.2078792948525805,-16.0,False,34.455815972222226,20.800929798634932,detector source ROI,20.800929798634932,1.0065660790438171,12.078792948525805,-18.471570135169408,4.0262643161752685
