index,filename,truth,found,quad_found,presence,classified,prediction,cue_scored,cue_gate_hit,score_raw,score_ref,score_gate_ref,score_gate_raw,adaptive_c_raw,adaptive_c_applied,ground_mean_raw,ground_std_raw,ground_stats_source,ground_std_used,contrast_scale,cue_ink_gate_raw,cue_core_gray_gate_raw,cue_contrast_gate_raw,correct,wrong
1,三1.jpg,triangle,True,True,True,False,-,False,False,0.0,0.0,1.2,1.999031081857563,-16.0,False,160.81559365354937,34.425381224937205,detector source ROI,34.425381224937205,1.6658592348813026,19.99031081857563,73.2211706337681,6.66343693952521,False,False
2,三2.jpg,triangle,False,False,False,False,-,True,False,0.0,0.0,1.2,1.9390218749642423,-16.0,False,153.92218605324075,33.39196066281715,detector source ROI,33.39196066281715,1.615851562470202,19.390218749642422,68.95727285019062,6.463406249880808,False,False
3,三3.jpg,triangle,False,False,False,False,-,True,False,0.0,0.0,1.2,2.066433304470415,-16.0,False,161.11742380401233,35.586117158417224,detector source ROI,35.586117158417224,1.7220277537253459,20.66433304470415,70.56954055361905,6.8881110149013836,False,False
4,三4.jpg,triangle,False,False,False,False,-,True,False,0.0,0.0,1.2,1.917495251424414,-16.0,False,157.64697868441357,33.02124995773112,detector source ROI,33.02124995773112,1.597912709520345,19.17495251424414,73.6253285379754,6.39165083808138,False,False
5,五1.jpg,pentagon,True,True,True,True,circle,False,False,0.0,0.0,1.2,2.180244576719129,-16.0,False,158.2860050154321,37.5460648903036,detector source ROI,37.5460648903036,1.8168704805992744,21.802445767191294,62.75108938907914,7.2674819223970974,False,True
6,五2.jpg,pentagon,False,False,False,False,-,True,False,0.0,0.0,1.2,2.1705669622342065,-16.0,False,158.6275318287037,37.3794063670745,detector source ROI,37.3794063670745,1.8088058018618387,21.705669622342064,63.516674169587034,7.235223207447355,False,False
7,五3.jpg,pentagon,False,False,False,False,-,True,False,0.0,0.0,1.2,2.094624274359922,-16.0,False,158.3715832368827,36.071594795235754,detector source ROI,36.071594795235754,1.7455202286332683,20.94624274359922,66.58841567087751,6.982080914533073,False,False
8,五4.jpg,pentagon,False,False,False,False,-,True,False,0.0,0.0,1.2,2.1991229204209097,-16.0,False,159.42611641589505,37.87116947958557,detector source ROI,37.87116947958557,1.8326024336840916,21.991229204209098,63.06398122345611,7.330409734736366,False,False
9,五5.jpg,pentagon,True,True,True,True,pentagon,False,False,0.0,0.0,1.2,2.1508628218464985,-16.0,False,159.86243007330248,37.040080705401344,detector source ROI,37.040080705401344,1.792385684872082,21.508628218464985,65.61497710260028,7.169542739488328,True,False
10,五6.jpg,pentagon,False,False,False,False,-,True,False,0.0,0.0,1.2,2.065779900972819,-16.0,False,159.06304494598766,35.57486487489717,detector source ROI,35.57486487489717,1.7214832508106825,20.65779900972819,68.54379281738656,6.88593300324273,False,False
11,十1.jpg,cross,False,False,False,False,-,True,False,0.0,0.0,1.2,1.985521046226652,-16.0,False,158.29036458333334,34.19272444877321,detector source ROI,34.19272444877321,1.6546008718555434,19.85521046226652,71.28793024587246,6.6184034874221735,False,False
12,十2.jpg,cross,True,True,True,True,circle,False,False,0.0,0.0,1.2,1.8403746884989143,-16.0,False,158.46276041666667,31.693154160178512,detector source ROI,31.693154160178512,1.5336455737490953,18.403746884989143,77.82041301030526,6.134582294996381,False,True
13,十3.jpg,cross,False,False,False,False,-,True,False,0.0,0.0,1.2,1.8661879238326518,-16.0,False,162.78654755015432,32.137684750561924,detector source ROI,32.137684750561924,1.5551566031938766,18.66187923832652,81.01310444655569,6.220626412775506,False,False
14,圆1.jpg,circle,True,True,True,True,square,False,False,0.0,0.0,1.2,1.906633510552128,-16.0,False,152.268448591821,32.83419955431896,detector source ROI,32.83419955431896,1.58886125879344,19.066335105521283,68.7227429833808,6.35544503517376,False,True
15,圆2.jpg,circle,True,True,False,True,square,False,False,0.0,0.0,1.2,1.7167542478598543,-16.0,False,152.06416377314815,29.56428241085091,detector source ROI,29.56428241085091,1.430628539883212,17.16754247859854,76.83867119686144,5.722514159532848,False,True
16,圆3.jpg,circle,False,False,False,False,-,True,False,0.0,0.0,1.2,1.9057461225297545,-16.0,False,147.59964313271604,32.81891781545961,detector source ROI,32.81891781545961,1.5881217687747955,19.057461225297544,64.09282148286954,6.352487075099182,False,False
17,圆4.jpg,circle,False,False,False,False,-,True,False,0.0,0.0,1.2,2.0055897178994435,-16.0,False,149.7698929398148,34.538327715917994,detector source ROI,34.538327715917994,1.6713247649162029,20.055897178994435,61.88808072178685,6.685299059664811,False,False
18,圆5.jpg,circle,True,True,True,True,circle,False,False,0.0,0.0,1.2,2.01521255000241,-16.0,False,145.9843605324074,34.7040428299123,detector source ROI,34.7040428299123,1.6793437916686749,20.1521255000241,57.6808908256463,6.7173751666746995,True,False
19,圆6.jpg,circle,True,True,True,True,square,False,False,0.0,0.0,1.2,1.8941861934937159,-16.0,False,145.75928819444445,32.6198438902913,detector source ROI,32.6198438902913,1.5784884945780966,18.941861934937158,62.75900459858383,6.313953978312386,False,True
20,正1.jpg,square,False,False,False,False,-,True,False,0.0,0.0,1.2,2.0348360696118095,-16.0,False,152.47576919367285,35.041980118461545,detector source ROI,35.041980118461545,1.695696724676508,20.348360696118096,63.31242747521422,6.782786898706032,False,False
21,正2.jpg,square,True,True,False,True,square,False,False,0.0,0.0,1.2,1.736128211174886,-16.0,False,154.72166763117283,29.897922082095118,detector source ROI,29.897922082095118,1.446773509312405,17.36128211174886,78.64723821063774,5.78709403724962,True,False
22,正3.jpg,square,False,False,False,False,-,True,False,0.0,0.0,1.2,2.033977113526265,-16.0,False,153.2925323109568,35.027188006938765,detector source ROI,35.027188006938765,1.6949809279385544,20.33977113526265,64.16682870798094,6.7799237117542175,False,False
23,正4.jpg,square,False,False,False,False,-,True,False,0.0,0.0,1.2,2.0896106065569,-16.0,False,152.32298177083334,35.98525425405025,detector source ROI,35.98525425405025,1.7413421721307498,20.896106065568997,60.759505305383954,6.965368688522999,False,False
24,正5.jpg,square,False,False,False,False,-,True,False,0.0,0.0,1.2,2.0367794795898377,-16.0,False,153.30255353009258,35.075447646794224,detector source ROI,35.075447646794224,1.6973162329915317,20.36779479589838,64.05405461860117,6.789264931966127,False,False
25,正6.jpg,square,True,True,True,True,square,False,False,0.0,0.0,1.2,2.128846292530831,-16.0,False,152.1409191743827,36.660933316538554,detector source ROI,36.660933316538554,1.774038577109026,21.28846292530831,58.85819616701451,7.096154308436104,True,False
26,正7.jpg,square,True,True,True,True,square,False,False,0.0,0.0,1.2,1.8412852495463996,-16.0,False,149.88803530092594,31.70883496247956,detector source ROI,31.70883496247956,1.5344043746219997,18.412852495463998,69.20578853016613,6.137617498487999,True,False
27,正8.jpg,square,False,False,False,False,-,True,False,0.0,0.0,1.2,1.8690531634519763,-16.0,False,149.10654899691357,32.18702713802715,detector source ROI,32.18702713802715,1.557544302876647,18.690531634519765,67.20755556368479,6.230177211506588,False,False
28,菱1.jpg,diamond,False,False,False,False,-,True,False,0.0,0.0,1.2,2.1257252125977706,-16.0,False,147.58974006558643,36.607185094460256,detector source ROI,36.607185094460256,1.771437677164809,21.257252125977708,54.443777911221574,7.085750708659236,False,False
29,菱2.jpg,diamond,True,True,True,True,square,False,False,0.0,0.0,1.2,2.066230534180856,-16.0,False,147.70922550154322,35.582625244468254,detector source ROI,35.582625244468254,1.7218587784840467,20.662305341808562,57.170227328866176,6.887435113936187,False,True
30,菱3.jpg,diamond,False,False,False,False,-,True,False,1.550281164555587,0.9557087286558424,1.2,1.9465526908843636,-16.0,False,149.35323832947532,33.52164909604756,detector source ROI,33.52164909604756,1.6221272424036364,19.465526908843636,64.05833652275713,6.4885089696145455,False,False
31,菱4.jpg,diamond,True,True,True,True,diamond,False,False,0.0,0.0,1.2,2.032463208473923,-16.0,False,149.35110194830247,35.00111699731904,detector source ROI,35.00111699731904,1.6937193403949358,20.32463208473923,60.291735302650665,6.774877361579743,True,False
