index,filename,truth,gain,mode,found,quad_found,presence,classified,prediction,cue_scored,cue_gate_hit,score_raw,score_ref,score_gate_ref,score_gate_raw,adaptive_c_raw,adaptive_c_applied,ground_mean_raw,ground_std_raw,ground_stats_source,ground_std_used,contrast_scale,cue_ink_gate_raw,cue_core_gray_gate_raw,cue_contrast_gate_raw,correct,wrong
1,三1.jpg,triangle,1.0,baseline,True,True,True,True,triangle,False,False,0.0,0.0,1.2,1.2,-16.0,True,160.81559365354937,34.425381224937205,offline diagnostic only,,1.0,12.0,100.0,4.0,True,False
1,三1.jpg,triangle,1.0,normalize,True,True,True,True,triangle,False,False,0.0,0.0,1.2,1.999031081857563,-16.0,True,160.81559365354937,34.425381224937205,detector source ROI,34.425381224937205,1.6658592348813026,19.99031081857563,73.2211706337681,6.66343693952521,True,False
1,三1.jpg,triangle,0.6,baseline,True,True,True,True,cross,False,False,0.0,0.0,1.2,1.2,-16.0,True,96.07349054783951,20.63764974941434,offline diagnostic only,,1.0,12.0,100.0,4.0,False,True
1,三1.jpg,triangle,0.6,normalize,True,True,True,True,cross,False,False,0.0,0.0,1.2,1.1983978633672914,-15.978638178230552,True,96.07349054783951,20.63764974941434,detector source ROI,20.63764974941434,0.9986648861394095,11.983978633672914,43.561565974734656,3.994659544557638,False,True
1,三1.jpg,triangle,0.4,baseline,True,True,True,True,cross,False,False,0.0,0.0,1.2,1.2,-16.0,True,64.0228443287037,13.793303511882327,offline diagnostic only,,1.0,12.0,100.0,4.0,False,True
1,三1.jpg,triangle,0.4,normalize,True,True,True,True,cross,False,False,0.0,0.0,1.2,0.8009567784183093,-10.679423712244123,True,64.0228443287037,13.793303511882327,detector source ROI,13.793303511882327,0.6674639820152577,8.009567784183092,28.926167990814896,2.669855928061031,False,True
2,三2.jpg,triangle,1.0,baseline,True,True,True,True,triangle,False,False,0.0,0.0,1.2,1.2,-16.0,True,153.92218605324075,33.39196066281715,offline diagnostic only,,1.0,12.0,100.0,4.0,True,False
2,三2.jpg,triangle,1.0,normalize,True,True,True,True,triangle,False,False,0.0,0.0,1.2,1.9390218749642423,-16.0,True,153.92218605324075,33.39196066281715,detector source ROI,33.39196066281715,1.615851562470202,19.390218749642422,68.95727285019062,6.463406249880808,True,False
2,三2.jpg,triangle,0.6,baseline,True,True,True,True,triangle,False,False,0.0,0.0,1.2,1.2,-16.0,True,91.99049479166666,20.037463858390943,offline diagnostic only,,1.0,12.0,100.0,4.0,True,False
2,三2.jpg,triangle,0.6,normalize,True,True,True,True,triangle,False,False,0.0,0.0,1.2,1.163545954445538,-15.513946059273842,True,91.99049479166666,20.037463858390943,detector source ROI,20.037463858390943,0.9696216287046151,11.635459544455381,41.005726489840065,3.8784865148184604,True,False
2,三2.jpg,triangle,0.4,baseline,True,True,True,True,triangle,False,False,0.0,0.0,1.2,1.2,-16.0,True,61.19144724151234,13.365965805579059,offline diagnostic only,,1.0,12.0,100.0,4.0,True,False
2,三2.jpg,triangle,0.4,normalize,True,True,True,True,triangle,False,False,0.0,0.0,1.2,0.7761419084893995,-10.34855877985866,True,61.19144724151234,13.365965805579059,detector source ROI,13.365965805579059,0.6467849237411663,7.761419084893995,27.182119786520325,2.587139694964665,True,False
3,三3.jpg,triangle,1.0,baseline,True,True,True,True,triangle,False,False,0.0,0.0,1.2,1.2,-16.0,True,161.11742380401233,35.586117158417224,offline diagnostic only,,1.0,12.0,100.0,4.0,True,False
3,三3.jpg,triangle,1.0,normalize,True,True,True,True,triangle,False,False,0.0,0.0,1.2,2.066433304470415,-16.0,True,161.11742380401233,35.586117158417224,detector source ROI,35.586117158417224,1.7220277537253459,20.66433304470415,70.56954055361905,6.8881110149013836,True,False
3,三3.jpg,triangle,0.6,baseline,True,True,True,True,triangle,False,False,0.0,0.0,1.2,1.2,-16.0,True,96.23570601851851,21.327714604838157,offline diagnostic only,,1.0,12.0,100.0,4.0,True,False
3,三3.jpg,triangle,0.6,normalize,True,True,True,True,triangle,False,False,0.0,0.0,1.2,1.2384689111060596,-16.0,True,96.23570601851851,21.327714604838157,detector source ROI,21.327714604838157,1.0320574259217163,12.384689111060595,41.967930654332456,4.128229703686865,True,False
3,三3.jpg,triangle,0.4,baseline,True,True,True,True,triangle,False,False,0.0,0.0,1.2,1.2,-16.0,True,64.16156201774692,14.26310244945719,offline diagnostic only,,1.0,12.0,100.0,4.0,True,False
3,三3.jpg,triangle,0.4,normalize,True,True,True,True,triangle,False,False,0.0,0.0,1.2,0.8282373093817693,-11.043164125090257,True,64.16156201774692,14.26310244945719,detector source ROI,14.26310244945719,0.6901977578181411,8.282373093817693,27.869495377473697,2.7607910312725643,True,False
4,三4.jpg,triangle,1.0,baseline,True,True,True,True,triangle,False,False,0.0,0.0,1.2,1.2,-16.0,True,157.64697868441357,33.02124995773112,offline diagnostic only,,1.0,12.0,100.0,4.0,True,False
4,三4.jpg,triangle,1.0,normalize,True,True,True,True,triangle,False,False,0.0,0.0,1.2,1.917495251424414,-16.0,True,157.64697868441357,33.02124995773112,detector source ROI,33.02124995773112,1.597912709520345,19.17495251424414,73.6253285379754,6.39165083808138,True,False
4,三4.jpg,triangle,0.6,baseline,True,True,True,True,triangle,False,False,0.0,0.0,1.2,1.2,-16.0,True,94.21887056327161,19.809030462981355,offline diagnostic only,,1.0,12.0,100.0,4.0,True,False
4,三4.jpg,triangle,0.6,normalize,True,True,True,True,triangle,False,False,0.0,0.0,1.2,1.1502811643020598,-15.337082190694133,True,94.21887056327161,19.809030462981355,detector source ROI,19.809030462981355,0.9585676369183833,11.5028116430206,43.81534466915023,3.8342705476735333,True,False
4,三4.jpg,triangle,0.4,baseline,True,True,True,True,triangle,False,False,0.0,0.0,1.2,1.2,-16.0,True,62.714824459876546,13.22289593828253,offline diagnostic only,,1.0,12.0,100.0,4.0,True,False
4,三4.jpg,triangle,0.4,normalize,True,True,True,True,triangle,False,False,0.0,0.0,1.2,0.7678340524417278,-10.237787365889703,True,62.714824459876546,13.22289593828253,detector source ROI,13.22289593828253,0.6398617103681065,7.678340524417278,29.06953429456538,2.559446841472426,True,False
5,五1.jpg,pentagon,1.0,baseline,True,True,True,True,pentagon,False,False,0.0,0.0,1.2,1.2,-16.0,True,158.2860050154321,37.5460648903036,offline diagnostic only,,1.0,12.0,100.0,4.0,True,False
5,五1.jpg,pentagon,1.0,normalize,True,True,True,True,pentagon,False,False,0.0,0.0,1.2,2.180244576719129,-16.0,True,158.2860050154321,37.5460648903036,detector source ROI,37.5460648903036,1.8168704805992744,21.802445767191294,62.75108938907914,7.2674819223970974,True,False
5,五1.jpg,pentagon,0.6,baseline,True,True,True,True,pentagon,False,False,0.0,0.0,1.2,1.2,-16.0,True,94.56933352623457,22.519393775715194,offline diagnostic only,,1.0,12.0,100.0,4.0,True,False
5,五1.jpg,pentagon,0.6,normalize,True,True,True,True,pentagon,False,False,0.0,0.0,1.2,1.3076679618477205,-16.0,True,94.56933352623457,22.519393775715194,detector source ROI,22.519393775715194,1.0897233015397672,13.076679618477206,37.26936372633225,4.358893206159069,True,False
5,五1.jpg,pentagon,0.4,baseline,True,True,True,True,pentagon,False,False,0.0,0.0,1.2,1.2,-16.0,True,63.009690875771604,15.04512791467295,offline diagnostic only,,1.0,12.0,100.0,4.0,True,False
5,五1.jpg,pentagon,0.4,normalize,True,True,True,True,pentagon,False,False,0.0,0.0,1.2,0.8736483740132918,-11.648644986843891,True,63.009690875771604,15.04512791467295,detector source ROI,15.04512791467295,0.7280403116777432,8.736483740132918,24.727782235935294,2.9121612467109728,True,False
6,五2.jpg,pentagon,1.0,baseline,False,False,False,False,-,True,False,0.0,0.0,1.2,1.2,-16.0,True,158.6275318287037,37.3794063670745,offline diagnostic only,,1.0,12.0,100.0,4.0,False,False
6,五2.jpg,pentagon,1.0,normalize,False,False,False,False,-,True,False,0.0,0.0,1.2,2.1705669622342065,-16.0,True,158.6275318287037,37.3794063670745,detector source ROI,37.3794063670745,1.8088058018618387,21.705669622342064,63.516674169587034,7.235223207447355,False,False
6,五2.jpg,pentagon,0.6,baseline,False,False,False,False,-,True,False,0.0,0.0,1.2,1.2,-16.0,True,94.78838252314814,22.42710252634372,offline diagnostic only,,1.0,12.0,100.0,4.0,False,False
6,五2.jpg,pentagon,0.6,normalize,False,False,False,False,-,True,False,0.0,0.0,1.2,1.3023087452025492,-16.0,True,94.78838252314814,22.42710252634372,detector source ROI,22.42710252634372,1.0852572876687911,13.023087452025493,37.72324523492221,4.341029150675165,False,False
6,五2.jpg,pentagon,0.4,baseline,False,False,False,False,-,True,False,0.0,0.0,1.2,1.2,-16.0,True,63.14398389274692,14.983032237804617,offline diagnostic only,,1.0,12.0,100.0,4.0,False,False
6,五2.jpg,pentagon,0.4,normalize,False,False,False,False,-,True,False,0.0,0.0,1.2,0.8700425696999654,-11.60056759599954,True,63.14398389274692,14.983032237804617,detector source ROI,14.983032237804617,0.7250354747499712,8.700425696999655,25.02007597196625,2.900141898999885,False,False
7,五3.jpg,pentagon,1.0,baseline,True,True,True,True,pentagon,False,False,0.0,0.0,1.2,1.2,-16.0,True,158.3715832368827,36.071594795235754,offline diagnostic only,,1.0,12.0,100.0,4.0,True,False
7,五3.jpg,pentagon,1.0,normalize,True,True,True,True,pentagon,False,False,0.0,0.0,1.2,2.094624274359922,-16.0,True,158.3715832368827,36.071594795235754,detector source ROI,36.071594795235754,1.7455202286332683,20.94624274359922,66.58841567087751,6.982080914533073,True,False
7,五3.jpg,pentagon,0.6,baseline,True,True,True,True,pentagon,False,False,0.0,0.0,1.2,1.2,-16.0,True,94.62384741512345,21.63295392625527,offline diagnostic only,,1.0,12.0,100.0,4.0,True,False
7,五3.jpg,pentagon,0.6,normalize,True,True,True,True,pentagon,False,False,0.0,0.0,1.2,1.256193708020608,-16.0,True,94.62384741512345,21.63295392625527,detector source ROI,21.63295392625527,1.0468280900171734,12.56193708020608,39.57939910524715,4.1873123600686935,True,False
7,五3.jpg,pentagon,0.4,baseline,True,True,True,True,pentagon,False,False,0.0,0.0,1.2,1.2,-16.0,True,63.02351707175926,14.452791194677056,offline diagnostic only,,1.0,12.0,100.0,4.0,True,False
7,五3.jpg,pentagon,0.4,normalize,True,True,True,True,pentagon,False,False,0.0,0.0,1.2,0.8392522548690945,-11.19003006492126,True,63.02351707175926,14.452791194677056,detector source ROI,14.452791194677056,0.6993768790575787,8.392522548690945,26.24879270629448,2.797507516230315,True,False
8,五4.jpg,pentagon,1.0,baseline,True,True,True,True,pentagon,False,False,0.0,0.0,1.2,1.2,-16.0,True,159.42611641589505,37.87116947958557,offline diagnostic only,,1.0,12.0,100.0,4.0,True,False
8,五4.jpg,pentagon,1.0,normalize,True,True,True,True,pentagon,False,False,0.0,0.0,1.2,2.1991229204209097,-16.0,True,159.42611641589505,37.87116947958557,detector source ROI,37.87116947958557,1.8326024336840916,21.991229204209098,63.06398122345611,7.330409734736366,True,False
8,五4.jpg,pentagon,0.6,baseline,True,True,True,True,pentagon,False,False,0.0,0.0,1.2,1.2,-16.0,True,95.25129484953703,22.697872728945978,offline diagnostic only,,1.0,12.0,100.0,4.0,True,False
8,五4.jpg,pentagon,0.6,normalize,True,True,True,True,pentagon,False,False,0.0,0.0,1.2,1.3180319712579427,-16.0,True,95.25129484953703,22.697872728945978,detector source ROI,22.697872728945978,1.0983599760482856,13.180319712579427,37.497190327719125,4.3934399041931425,True,False
8,五4.jpg,pentagon,0.4,baseline,True,True,True,True,pentagon,False,False,0.0,0.0,1.2,1.2,-16.0,True,63.44945505401235,15.145486622709816,offline diagnostic only,,1.0,12.0,100.0,4.0,True,False
8,五4.jpg,pentagon,0.4,normalize,True,True,True,True,pentagon,False,False,0.0,0.0,1.2,0.8794760560769964,-11.726347414359953,True,63.44945505401235,15.145486622709816,detector source ROI,15.145486622709816,0.7328967133974971,8.794760560769966,24.912186478782445,2.9315868535899883,True,False
9,五5.jpg,pentagon,1.0,baseline,True,True,True,True,pentagon,False,False,0.0,0.0,1.2,1.2,-16.0,True,159.86243007330248,37.040080705401344,offline diagnostic only,,1.0,12.0,100.0,4.0,True,False
9,五5.jpg,pentagon,1.0,normalize,True,True,True,True,pentagon,False,False,0.0,0.0,1.2,2.1508628218464985,-16.0,True,159.86243007330248,37.040080705401344,detector source ROI,37.040080705401344,1.792385684872082,21.508628218464985,65.61497710260028,7.169542739488328,True,False
9,五5.jpg,pentagon,0.6,baseline,True,True,True,True,pentagon,False,False,0.0,0.0,1.2,1.2,-16.0,True,95.47880738811729,22.199151855838366,offline diagnostic only,,1.0,12.0,100.0,4.0,True,False
9,五5.jpg,pentagon,0.6,normalize,True,True,True,True,pentagon,False,False,0.0,0.0,1.2,1.289071986181842,-16.0,True,95.47880738811729,22.199151855838366,detector source ROI,22.199151855838366,1.0742266551515351,12.890719861818422,38.99368422753229,4.296906620606141,True,False
9,五5.jpg,pentagon,0.4,baseline,True,True,True,True,pentagon,False,False,0.0,0.0,1.2,1.2,-16.0,True,63.68531539351852,14.844593605880636,offline diagnostic only,,1.0,12.0,100.0,4.0,True,False
9,五5.jpg,pentagon,0.4,normalize,True,True,True,True,pentagon,False,False,0.0,0.0,1.2,0.8620036426554798,-11.493381902073065,True,63.68531539351852,14.844593605880636,detector source ROI,14.844593605880636,0.7183363688795665,8.620036426554798,25.913660713095425,2.873345475518266,True,False
10,五6.jpg,pentagon,1.0,baseline,True,True,True,True,pentagon,False,False,0.0,0.0,1.2,1.2,-16.0,True,159.06304494598766,35.57486487489717,offline diagnostic only,,1.0,12.0,100.0,4.0,True,False
10,五6.jpg,pentagon,1.0,normalize,True,True,True,True,pentagon,False,False,0.0,0.0,1.2,2.065779900972819,-16.0,True,159.06304494598766,35.57486487489717,detector source ROI,35.57486487489717,1.7214832508106825,20.65779900972819,68.54379281738656,6.88593300324273,True,False
10,五6.jpg,pentagon,0.6,baseline,True,True,True,True,pentagon,False,False,0.0,0.0,1.2,1.2,-16.0,True,95.01803385416666,21.328335331957312,offline diagnostic only,,1.0,12.0,100.0,4.0,True,False
10,五6.jpg,pentagon,0.6,normalize,True,True,True,True,pentagon,False,False,0.0,0.0,1.2,1.2385049558137837,-16.0,True,95.01803385416666,21.328335331957312,detector source ROI,21.328335331957312,1.0320874631781531,12.385049558137837,40.748679067126865,4.128349852712613,True,False
10,五6.jpg,pentagon,0.4,baseline,True,True,True,True,pentagon,False,False,0.0,0.0,1.2,1.2,-16.0,True,63.33483555169753,14.257839848044517,offline diagnostic only,,1.0,12.0,100.0,4.0,True,False
10,五6.jpg,pentagon,0.4,normalize,True,True,True,True,pentagon,False,False,0.0,0.0,1.2,0.8279317178844197,-11.039089571792262,True,63.33483555169753,14.257839848044517,detector source ROI,14.257839848044517,0.6899430982370164,8.279317178844197,27.056159454039197,2.7597723929480655,True,False
11,十1.jpg,cross,1.0,baseline,False,False,False,False,-,True,False,0.0,0.0,1.2,1.2,-16.0,True,158.29036458333334,34.19272444877321,offline diagnostic only,,1.0,12.0,100.0,4.0,False,False
11,十1.jpg,cross,1.0,normalize,False,False,False,False,-,True,False,0.0,0.0,1.2,1.985521046226652,-16.0,True,158.29036458333334,34.19272444877321,detector source ROI,34.19272444877321,1.6546008718555434,19.85521046226652,71.28793024587246,6.6184034874221735,False,False
11,十1.jpg,cross,0.6,baseline,False,False,False,False,-,True,False,0.0,0.0,1.2,1.2,-16.0,True,94.54894145447531,20.50102674023394,offline diagnostic only,,1.0,12.0,100.0,4.0,False,False
11,十1.jpg,cross,0.6,normalize,False,False,False,False,-,True,False,0.0,0.0,1.2,1.190464366855982,-15.872858224746428,True,94.54894145447531,20.50102674023394,detector source ROI,20.50102674023394,0.9920536390466518,11.904643668559821,42.384650320262175,3.968214556186607,False,False
11,十1.jpg,cross,0.4,baseline,False,False,False,False,-,True,False,0.0,0.0,1.2,1.2,-16.0,True,63.01717544367284,13.701724373894617,offline diagnostic only,,1.0,12.0,100.0,4.0,False,False
11,十1.jpg,cross,0.4,normalize,False,False,False,False,-,True,False,0.0,0.0,1.2,0.7956389130302409,-10.608518840403212,True,63.01717544367284,13.701724373894617,detector source ROI,13.701724373894617,0.6630324275252008,7.956389130302409,28.153519669892454,2.652129710100803,False,False
12,十2.jpg,cross,1.0,baseline,True,True,True,True,cross,False,False,0.0,0.0,1.2,1.2,-16.0,True,158.46276041666667,31.693154160178512,offline diagnostic only,,1.0,12.0,100.0,4.0,True,False
12,十2.jpg,cross,1.0,normalize,True,True,True,True,cross,False,False,0.0,0.0,1.2,1.8403746884989143,-16.0,True,158.46276041666667,31.693154160178512,detector source ROI,31.693154160178512,1.5336455737490953,18.403746884989143,77.82041301030526,6.134582294996381,True,False
12,十2.jpg,cross,0.6,baseline,True,True,True,True,cross,False,False,0.0,0.0,1.2,1.2,-16.0,True,94.6791618441358,19.009708188006826,offline diagnostic only,,1.0,12.0,100.0,4.0,True,False
12,十2.jpg,cross,0.6,normalize,True,True,True,True,cross,False,False,0.0,0.0,1.2,1.1038656994549283,-14.718209326065711,True,94.6791618441358,19.009708188006826,detector source ROI,19.009708188006826,0.919888082879107,11.038656994549283,46.30948919991058,3.679552331516428,True,False
12,十2.jpg,cross,0.4,baseline,True,True,True,True,cross,False,False,0.0,0.0,1.2,1.2,-16.0,True,63.03319347993827,12.683799658288256,offline diagnostic only,,1.0,12.0,100.0,4.0,True,False
12,十2.jpg,cross,0.4,normalize,True,True,True,True,cross,False,False,0.0,0.0,1.2,0.7365295270747961,-9.820393694330615,True,63.03319347993827,12.683799658288256,detector source ROI,12.683799658288256,0.6137746058956635,7.3652952707479615,30.75961877333644,2.455098423582654,True,False
13,十3.jpg,cross,1.0,baseline,True,True,True,True,cross,False,False,0.0,0.0,1.2,1.2,-16.0,True,162.78654755015432,32.137684750561924,offline diagnostic only,,1.0,12.0,100.0,4.0,True,False
13,十3.jpg,cross,1.0,normalize,True,True,True,True,cross,False,False,0.0,0.0,1.2,1.8661879238326518,-16.0,True,162.78654755015432,32.137684750561924,detector source ROI,32.137684750561924,1.5551566031938766,18.66187923832652,81.01310444655569,6.220626412775506,True,False
13,十3.jpg,cross,0.6,baseline,True,True,True,True,cross,False,False,0.0,0.0,1.2,1.2,-16.0,True,97.25751109182099,19.277115098714887,offline diagnostic only,,1.0,12.0,100.0,4.0,True,False
13,十3.jpg,cross,0.6,normalize,True,True,True,True,cross,False,False,0.0,0.0,1.2,1.1193936241136595,-14.92524832151546,True,97.25751109182099,19.277115098714887,detector source ROI,19.277115098714887,0.9328280200947162,11.193936241136594,48.20742901648663,3.731312080378865,True,False
13,十3.jpg,cross,0.4,baseline,True,True,True,True,cross,False,False,0.0,0.0,1.2,1.2,-16.0,True,64.79913194444444,12.876221483272738,offline diagnostic only,,1.0,12.0,100.0,4.0,True,False
13,十3.jpg,cross,0.4,normalize,True,True,True,True,cross,False,False,0.0,0.0,1.2,0.7477031784705023,-9.96937571294003,True,64.79913194444444,12.876221483272738,detector source ROI,12.876221483272738,0.6230859820587519,7.477031784705023,32.035945267366614,2.4923439282350075,True,False
14,圆1.jpg,circle,1.0,baseline,True,True,True,True,circle,False,False,0.0,0.0,1.2,1.2,-16.0,True,152.268448591821,32.83419955431896,offline diagnostic only,,1.0,12.0,100.0,4.0,True,False
14,圆1.jpg,circle,1.0,normalize,True,True,True,True,circle,False,False,0.0,0.0,1.2,1.906633510552128,-16.0,True,152.268448591821,32.83419955431896,detector source ROI,32.83419955431896,1.58886125879344,19.066335105521283,68.7227429833808,6.35544503517376,True,False
14,圆1.jpg,circle,0.6,baseline,True,True,True,True,circle,False,False,0.0,0.0,1.2,1.2,-16.0,True,91.02633101851852,19.713934368812183,offline diagnostic only,,1.0,12.0,100.0,4.0,True,False
14,圆1.jpg,circle,0.6,normalize,True,True,True,True,circle,False,False,0.0,0.0,1.2,1.1447590744589495,-15.263454326119328,True,91.02633101851852,19.713934368812183,detector source ROI,19.713934368812183,0.953965895382458,11.447590744589496,40.864774485484396,3.815863581529832,True,False
14,圆1.jpg,circle,0.4,baseline,True,True,True,True,circle,False,False,0.0,0.0,1.2,1.2,-16.0,True,60.57107445987654,13.14539943680876,offline diagnostic only,,1.0,12.0,100.0,4.0,True,False
14,圆1.jpg,circle,0.4,normalize,True,True,True,True,circle,False,False,0.0,0.0,1.2,0.763333944972502,-10.177785932966692,True,60.57107445987654,13.14539943680876,detector source ROI,13.14539943680876,0.6361116208104183,7.633339449725019,27.12297198257648,2.544446483241673,True,False
15,圆2.jpg,circle,1.0,baseline,True,True,False,True,circle,False,False,0.0,0.0,1.2,1.2,-16.0,True,152.06416377314815,29.56428241085091,offline diagnostic only,,1.0,12.0,100.0,4.0,True,False
15,圆2.jpg,circle,1.0,normalize,True,True,False,True,circle,False,False,0.0,0.0,1.2,1.7167542478598543,-16.0,True,152.06416377314815,29.56428241085091,detector source ROI,29.56428241085091,1.430628539883212,17.16754247859854,76.83867119686144,5.722514159532848,True,False
15,圆2.jpg,circle,0.6,baseline,True,True,False,True,square,False,False,0.0,0.0,1.2,1.2,-16.0,True,90.87436342592592,17.743928674425707,offline diagnostic only,,1.0,12.0,100.0,4.0,False,True
15,圆2.jpg,circle,0.6,normalize,True,True,False,True,circle,False,False,0.0,0.0,1.2,1.030363751171658,-13.738183348955438,True,90.87436342592592,17.743928674425707,detector source ROI,17.743928674425707,0.8586364593097149,10.303637511716579,45.72543147409661,3.4345458372388595,True,False
15,圆2.jpg,circle,0.4,baseline,True,True,False,True,square,False,False,0.0,0.0,1.2,1.2,-16.0,True,60.45210744598766,11.827642406623106,offline diagnostic only,,1.0,12.0,100.0,4.0,False,True
15,圆2.jpg,circle,0.4,normalize,True,True,False,True,circle,False,False,0.0,0.0,1.2,0.6868137390097794,-9.157516520130391,True,60.45210744598766,11.827642406623106,detector source ROI,11.827642406623106,0.5723447825081495,6.868137390097793,30.35700100336211,2.289379130032598,True,False
16,圆3.jpg,circle,1.0,baseline,True,True,True,True,circle,False,False,0.0,0.0,1.2,1.2,-16.0,True,147.59964313271604,32.81891781545961,offline diagnostic only,,1.0,12.0,100.0,4.0,True,False
16,圆3.jpg,circle,1.0,normalize,True,True,True,True,circle,False,False,0.0,0.0,1.2,1.9057461225297545,-16.0,True,147.59964313271604,32.81891781545961,detector source ROI,32.81891781545961,1.5881217687747955,19.057461225297544,64.09282148286954,6.352487075099182,True,False
16,圆3.jpg,circle,0.6,baseline,True,True,True,True,circle,False,False,0.0,0.0,1.2,1.2,-16.0,True,88.192578125,19.70248055587571,offline diagnostic only,,1.0,12.0,100.0,4.0,True,False
16,圆3.jpg,circle,0.6,normalize,True,True,True,True,circle,False,False,0.0,0.0,1.2,1.144093968445564,-15.254586245940855,True,88.192578125,19.70248055587571,detector source ROI,19.70248055587571,0.9534116403713034,11.44093968445564,38.06016549974111,3.8136465614852137,True,False
16,圆3.jpg,circle,0.4,baseline,True,True,True,True,circle,False,False,0.0,0.0,1.2,1.2,-16.0,True,58.66493778935185,13.140719180457973,offline diagnostic only,,1.0,12.0,100.0,4.0,True,False
16,圆3.jpg,circle,0.4,normalize,True,True,True,True,circle,False,False,0.0,0.0,1.2,0.763062169393456,-10.174162258579413,True,58.66493778935185,13.140719180457973,detector source ROI,13.140719180457973,0.6358851411612133,7.630621693934559,25.228744093887883,2.5435405646448532,True,False
17,圆4.jpg,circle,1.0,baseline,True,True,True,True,circle,False,False,0.0,0.0,1.2,1.2,-16.0,True,149.7698929398148,34.538327715917994,offline diagnostic only,,1.0,12.0,100.0,4.0,True,False
17,圆4.jpg,circle,1.0,normalize,True,True,True,True,circle,False,False,0.0,0.0,1.2,2.0055897178994435,-16.0,True,149.7698929398148,34.538327715917994,detector source ROI,34.538327715917994,1.6713247649162029,20.055897178994435,61.88808072178685,6.685299059664811,True,False
17,圆4.jpg,circle,0.6,baseline,True,True,True,True,circle,False,False,0.0,0.0,1.2,1.2,-16.0,True,89.50153838734568,20.73338763433032,offline diagnostic only,,1.0,12.0,100.0,4.0,True,False
17,圆4.jpg,circle,0.6,normalize,True,True,True,True,circle,False,False,0.0,0.0,1.2,1.2039572210518974,-16.0,True,89.50153838734568,20.73338763433032,detector source ROI,20.73338763433032,1.0032976842099146,12.039572210518976,36.74601143448634,4.013190736839658,True,False
17,圆4.jpg,circle,0.4,baseline,True,True,True,True,circle,False,False,0.0,0.0,1.2,1.2,-16.0,True,59.55555314429012,13.82542445565501,offline diagnostic only,,1.0,12.0,100.0,4.0,True,False
17,圆4.jpg,circle,0.4,normalize,True,True,True,True,circle,False,False,0.0,0.0,1.2,0.8028219942182634,-10.704293256243512,True,59.55555314429012,13.82542445565501,detector source ROI,13.82542445565501,0.6690183285152195,8.028219942182634,24.377145960249322,2.676073314060878,True,False
18,圆5.jpg,circle,1.0,baseline,True,True,True,True,circle,False,False,0.0,0.0,1.2,1.2,-16.0,True,145.9843605324074,34.7040428299123,offline diagnostic only,,1.0,12.0,100.0,4.0,True,False
18,圆5.jpg,circle,1.0,normalize,True,True,True,True,circle,False,False,0.0,0.0,1.2,2.01521255000241,-16.0,True,145.9843605324074,34.7040428299123,detector source ROI,34.7040428299123,1.6793437916686749,20.1521255000241,57.6808908256463,6.7173751666746995,True,False
18,圆5.jpg,circle,0.6,baseline,True,True,True,True,circle,False,False,0.0,0.0,1.2,1.2,-16.0,True,87.2398654513889,20.83107174671835,offline diagnostic only,,1.0,12.0,100.0,4.0,True,False
18,圆5.jpg,circle,0.6,normalize,True,True,True,True,circle,False,False,0.0,0.0,1.2,1.2096295932935122,-16.0,True,87.2398654513889,20.83107174671835,detector source ROI,20.83107174671835,1.0080246610779269,12.096295932935123,34.23578399721788,4.0320986443117075,True,False
18,圆5.jpg,circle,0.4,baseline,True,True,True,True,circle,False,False,0.0,0.0,1.2,1.2,-16.0,True,58.045686246141976,13.890251615672677,offline diagnostic only,,1.0,12.0,100.0,4.0,True,False
18,圆5.jpg,circle,0.4,normalize,True,True,True,True,circle,False,False,0.0,0.0,1.2,0.8065864117268774,-10.7544854896917,True,58.045686246141976,13.890251615672677,detector source ROI,13.890251615672677,0.6721553431057312,8.065864117268774,22.702328160304184,2.688621372422925,True,False
19,圆6.jpg,circle,1.0,baseline,True,True,True,True,circle,False,False,0.0,0.0,1.2,1.2,-16.0,True,145.75928819444445,32.6198438902913,offline diagnostic only,,1.0,12.0,100.0,4.0,True,False
19,圆6.jpg,circle,1.0,normalize,True,True,True,True,circle,False,False,0.0,0.0,1.2,1.8941861934937159,-16.0,True,145.75928819444445,32.6198438902913,detector source ROI,32.6198438902913,1.5784884945780966,18.941861934937158,62.75900459858383,6.313953978312386,True,False
19,圆6.jpg,circle,0.6,baseline,True,True,True,True,circle,False,False,0.0,0.0,1.2,1.2,-16.0,True,87.08749035493827,19.578268005027454,offline diagnostic only,,1.0,12.0,100.0,4.0,True,False
19,圆6.jpg,circle,0.6,normalize,True,True,True,True,circle,False,False,0.0,0.0,1.2,1.1368811289339247,-15.15841505245233,True,87.08749035493827,19.578268005027454,detector source ROI,19.578268005027454,0.9474009407782706,11.368811289339249,37.27113310325028,3.7896037631130826,True,False
19,圆6.jpg,circle,0.4,baseline,True,True,True,True,circle,False,False,0.0,0.0,1.2,1.2,-16.0,True,57.95384114583333,13.066229326634387,offline diagnostic only,,1.0,12.0,100.0,4.0,True,False
19,圆6.jpg,circle,0.4,normalize,True,True,True,True,circle,False,False,0.0,0.0,1.2,0.7587366535159874,-10.116488713546499,True,57.95384114583333,13.066229326634387,detector source ROI,13.066229326634387,0.6322805445966562,7.587366535159874,24.70718480723611,2.5291221783866247,True,False
20,正1.jpg,square,1.0,baseline,True,True,True,True,square,False,False,0.0,0.0,1.2,1.2,-16.0,True,152.47576919367285,35.041980118461545,offline diagnostic only,,1.0,12.0,100.0,4.0,True,False
20,正1.jpg,square,1.0,normalize,True,True,True,True,square,False,False,0.0,0.0,1.2,2.0348360696118095,-16.0,True,152.47576919367285,35.041980118461545,detector source ROI,35.041980118461545,1.695696724676508,20.348360696118096,63.31242747521422,6.782786898706032,True,False
20,正1.jpg,square,0.6,baseline,True,True,True,True,square,False,False,0.0,0.0,1.2,1.2,-16.0,True,91.10526138117284,21.02969755609654,offline diagnostic only,,1.0,12.0,100.0,4.0,True,False
20,正1.jpg,square,0.6,normalize,True,True,True,True,square,False,False,0.0,0.0,1.2,1.221163500906959,-16.0,True,91.10526138117284,21.02969755609654,detector source ROI,21.02969755609654,1.0176362507557992,12.21163500906959,37.595782091154,4.070545003023197,True,False
20,正1.jpg,square,0.4,baseline,True,True,True,True,square,False,False,0.0,0.0,1.2,1.2,-16.0,True,60.62538580246913,14.02081475446182,offline diagnostic only,,1.0,12.0,100.0,4.0,True,False
20,正1.jpg,square,0.4,normalize,True,True,True,True,square,False,False,0.0,0.0,1.2,0.8141680205078811,-10.855573606771747,True,60.62538580246913,14.02081475446182,detector source ROI,14.02081475446182,0.6784733504232342,8.14168020507881,24.949813449048968,2.713893401692937,True,False
21,正2.jpg,square,1.0,baseline,True,True,False,False,-,False,False,0.0,0.0,1.2,1.2,-16.0,True,154.72166763117283,29.897922082095118,offline diagnostic only,,1.0,12.0,100.0,4.0,False,False
21,正2.jpg,square,1.0,normalize,True,True,False,False,-,False,False,0.0,0.0,1.2,1.736128211174886,-16.0,True,154.72166763117283,29.897922082095118,detector source ROI,29.897922082095118,1.446773509312405,17.36128211174886,78.64723821063774,5.78709403724962,False,False
21,正2.jpg,square,0.6,baseline,True,True,False,False,-,False,False,0.0,0.0,1.2,1.2,-16.0,True,92.480078125,17.945457286562377,offline diagnostic only,,1.0,12.0,100.0,4.0,False,False
21,正2.jpg,square,0.6,normalize,True,True,False,True,square,False,False,0.0,0.0,1.2,1.0420662202572577,-13.89421627009677,True,92.480078125,17.945457286562377,detector source ROI,17.945457286562377,0.8683885168810481,10.420662202572577,46.81836223661108,3.4735540675241925,True,False
21,正2.jpg,square,0.4,baseline,True,True,False,False,-,False,False,0.0,0.0,1.2,1.2,-16.0,True,61.52157359182099,11.962664255288852,offline diagnostic only,,1.0,12.0,100.0,4.0,False,False
21,正2.jpg,square,0.4,normalize,True,True,False,False,-,False,False,0.0,0.0,1.2,0.694654258493037,-9.26205677990716,True,61.52157359182099,11.962664255288852,detector source ROI,11.962664255288852,0.5788785487441975,6.94654258493037,31.082907818605584,2.31551419497679,False,False
22,正3.jpg,square,1.0,baseline,True,True,True,True,square,False,False,0.0,0.0,1.2,1.2,-16.0,True,153.2925323109568,35.027188006938765,offline diagnostic only,,1.0,12.0,100.0,4.0,True,False
22,正3.jpg,square,1.0,normalize,True,True,True,True,square,False,False,0.0,0.0,1.2,2.033977113526265,-16.0,True,153.2925323109568,35.027188006938765,detector source ROI,35.027188006938765,1.6949809279385544,20.33977113526265,64.16682870798094,6.7799237117542175,True,False
22,正3.jpg,square,0.6,baseline,True,True,True,True,cross,False,False,0.0,0.0,1.2,1.2,-16.0,True,91.61620852623457,21.020613978036312,offline diagnostic only,,1.0,12.0,100.0,4.0,False,True
22,正3.jpg,square,0.6,normalize,True,True,True,True,cross,False,False,0.0,0.0,1.2,1.2206360309347828,-16.0,True,91.61620852623457,21.020613978036312,detector source ROI,21.020613978036312,1.0171966924456524,12.20636030934783,38.12984214741175,4.0687867697826094,False,True
22,正3.jpg,square,0.4,baseline,True,True,True,True,cross,False,False,0.0,0.0,1.2,1.2,-16.0,True,60.93595920138889,14.008682869833404,offline diagnostic only,,1.0,12.0,100.0,4.0,False,True
22,正3.jpg,square,0.4,normalize,True,True,True,True,square,False,False,0.0,0.0,1.2,0.8134635398720603,-10.846180531627471,True,60.93595920138889,14.008682869833404,detector source ROI,14.008682869833404,0.677886283226717,8.134635398720604,25.291256090264838,2.711545132906868,True,False
23,正4.jpg,square,1.0,baseline,True,True,True,True,square,False,False,0.0,0.0,1.2,1.2,-16.0,True,152.32298177083334,35.98525425405025,offline diagnostic only,,1.0,12.0,100.0,4.0,True,False
23,正4.jpg,square,1.0,normalize,True,True,True,True,square,False,False,0.0,0.0,1.2,2.0896106065569,-16.0,True,152.32298177083334,35.98525425405025,detector source ROI,35.98525425405025,1.7413421721307498,20.896106065568997,60.759505305383954,6.965368688522999,True,False
23,正4.jpg,square,0.6,baseline,True,True,True,True,square,False,False,0.0,0.0,1.2,1.2,-16.0,True,91.0224151234568,21.58995722467914,offline diagnostic only,,1.0,12.0,100.0,4.0,True,False
23,正4.jpg,square,0.6,normalize,True,True,True,True,square,False,False,0.0,0.0,1.2,1.2536969530157347,-16.0,True,91.0224151234568,21.58995722467914,detector source ROI,21.58995722467914,1.0447474608464455,12.536969530157346,36.08737072233333,4.178989843385782,True,False
23,正4.jpg,square,0.4,baseline,True,True,True,True,square,False,False,0.0,0.0,1.2,1.2,-16.0,True,60.56873553240741,14.400294993947027,offline diagnostic only,,1.0,12.0,100.0,4.0,True,False
23,正4.jpg,square,0.4,normalize,True,True,True,True,square,False,False,0.0,0.0,1.2,0.8362038779679625,-11.149385039572833,True,60.56873553240741,14.400294993947027,detector source ROI,14.400294993947027,0.696836564973302,8.362038779679624,23.927586286521745,2.787346259893208,True,False
24,正5.jpg,square,1.0,baseline,True,True,True,True,square,False,False,0.0,0.0,1.2,1.2,-16.0,True,153.30255353009258,35.075447646794224,offline diagnostic only,,1.0,12.0,100.0,4.0,True,False
24,正5.jpg,square,1.0,normalize,True,True,True,True,square,False,False,0.0,0.0,1.2,2.0367794795898377,-16.0,True,153.30255353009258,35.075447646794224,detector source ROI,35.075447646794224,1.6973162329915317,20.36779479589838,64.05405461860117,6.789264931966127,True,False
24,正5.jpg,square,0.6,baseline,True,True,True,True,square,False,False,0.0,0.0,1.2,1.2,-16.0,True,91.58530574845679,21.041078446423306,offline diagnostic only,,1.0,12.0,100.0,4.0,True,False
24,正5.jpg,square,0.6,normalize,True,True,True,True,square,False,False,0.0,0.0,1.2,1.22182437241202,-16.0,True,91.58530574845679,21.041078446423306,detector source ROI,21.041078446423306,1.0181869770100167,12.2182437241202,38.04686810021061,4.072747908040067,True,False
24,正5.jpg,square,0.4,baseline,True,True,True,True,square,False,False,0.0,0.0,1.2,1.2,-16.0,True,60.95454764660494,14.032787817438482,offline diagnostic only,,1.0,12.0,100.0,4.0,True,False
24,正5.jpg,square,0.4,normalize,True,True,True,True,square,False,False,0.0,0.0,1.2,0.8148632786047775,-10.864843714730366,True,60.95454764660494,14.032787817438482,detector source ROI,14.032787817438482,0.6790527321706479,8.148632786047774,25.24851016815486,2.7162109286825915,True,False
25,正6.jpg,square,1.0,baseline,True,True,True,True,square,False,False,0.0,0.0,1.2,1.2,-16.0,True,152.1409191743827,36.660933316538554,offline diagnostic only,,1.0,12.0,100.0,4.0,True,False
25,正6.jpg,square,1.0,normalize,True,True,True,True,square,False,False,0.0,0.0,1.2,2.128846292530831,-16.0,True,152.1409191743827,36.660933316538554,detector source ROI,36.660933316538554,1.774038577109026,21.28846292530831,58.85819616701451,7.096154308436104,True,False
25,正6.jpg,square,0.6,baseline,True,True,True,True,square,False,False,0.0,0.0,1.2,1.2,-16.0,True,90.90655381944444,21.989549427285755,offline diagnostic only,,1.0,12.0,100.0,4.0,True,False
25,正6.jpg,square,0.6,normalize,True,True,True,True,square,False,False,0.0,0.0,1.2,1.276900682492517,-16.0,True,90.90655381944444,21.989549427285755,detector source ROI,21.989549427285755,1.0640839020770976,12.769006824925171,34.95475819625535,4.25633560830839,True,False
25,正6.jpg,square,0.4,baseline,True,True,True,True,square,False,False,0.0,0.0,1.2,1.2,-16.0,True,60.505726755401234,14.676102781737963,offline diagnostic only,,1.0,12.0,100.0,4.0,True,False
25,正6.jpg,square,0.4,normalize,True,True,True,True,square,False,False,0.0,0.0,1.2,0.852219629160663,-11.36292838880884,True,60.505726755401234,14.676102781737963,detector source ROI,14.676102781737963,0.7101830243005525,8.52219629160663,23.16279228081899,2.84073209720221,True,False
26,正7.jpg,square,1.0,baseline,True,True,True,True,square,False,False,0.0,0.0,1.2,1.2,-16.0,True,149.88803530092594,31.70883496247956,offline diagnostic only,,1.0,12.0,100.0,4.0,True,False
26,正7.jpg,square,1.0,normalize,True,True,True,True,square,False,False,0.0,0.0,1.2,1.8412852495463996,-16.0,True,149.88803530092594,31.70883496247956,detector source ROI,31.70883496247956,1.5344043746219997,18.412852495463998,69.20578853016613,6.137617498487999,True,False
26,正7.jpg,square,0.6,baseline,True,True,True,True,square,False,False,0.0,0.0,1.2,1.2,-16.0,True,89.5627700617284,19.029423081856716,offline diagnostic only,,1.0,12.0,100.0,4.0,True,False
26,正7.jpg,square,0.6,normalize,True,True,True,True,square,False,False,0.0,0.0,1.2,1.1050105142450375,-14.733473523267167,True,89.5627700617284,19.029423081856716,detector source ROI,19.029423081856716,0.9208420952041979,11.050105142450375,41.14293341959728,3.6833683808167916,True,False
26,正7.jpg,square,0.4,baseline,True,True,True,True,square,False,False,0.0,0.0,1.2,1.2,-16.0,True,59.58914448302469,12.692301888132018,offline diagnostic only,,1.0,12.0,100.0,4.0,True,False
26,正7.jpg,square,0.4,normalize,True,True,True,True,square,False,False,0.0,0.0,1.2,0.7370232390140109,-9.826976520186813,True,59.58914448302469,12.692301888132018,detector source ROI,12.692301888132018,0.6141860325116758,7.37023239014011,27.29393608956027,2.4567441300467032,True,False
27,正8.jpg,square,1.0,baseline,True,True,True,True,square,False,False,0.0,0.0,1.2,1.2,-16.0,True,149.10654899691357,32.18702713802715,offline diagnostic only,,1.0,12.0,100.0,4.0,True,False
27,正8.jpg,square,1.0,normalize,True,True,True,True,square,False,False,0.0,0.0,1.2,1.8690531634519763,-16.0,True,149.10654899691357,32.18702713802715,detector source ROI,32.18702713802715,1.557544302876647,18.690531634519765,67.20755556368479,6.230177211506588,True,False
27,正8.jpg,square,0.6,baseline,True,True,True,True,square,False,False,0.0,0.0,1.2,1.2,-16.0,True,89.08934702932099,19.314317764195412,offline diagnostic only,,1.0,12.0,100.0,4.0,True,False
27,正8.jpg,square,0.6,normalize,True,True,True,True,square,False,False,0.0,0.0,1.2,1.1215539279934506,-14.954052373246007,True,89.08934702932099,19.314317764195412,detector source ROI,19.314317764195412,0.9346282733278755,11.215539279934506,39.9446038085872,3.738513093311502,True,False
27,正8.jpg,square,0.4,baseline,True,True,True,True,square,False,False,0.0,0.0,1.2,1.2,-16.0,True,59.28479697145062,12.883464022468162,offline diagnostic only,,1.0,12.0,100.0,4.0,True,False
27,正8.jpg,square,0.4,normalize,True,True,True,True,square,False,False,0.0,0.0,1.2,0.7481237420328525,-9.9749832271047,True,59.28479697145062,12.883464022468162,detector source ROI,12.883464022468162,0.6234364516940437,7.481237420328524,26.503181855254688,2.493745806776175,True,False
28,菱1.jpg,diamond,1.0,baseline,True,True,True,True,diamond,False,False,0.0,0.0,1.2,1.2,-16.0,True,147.58974006558643,36.607185094460256,offline diagnostic only,,1.0,12.0,100.0,4.0,True,False
28,菱1.jpg,diamond,1.0,normalize,True,True,True,True,diamond,False,False,0.0,0.0,1.2,2.1257252125977706,-16.0,True,147.58974006558643,36.607185094460256,detector source ROI,36.607185094460256,1.771437677164809,21.257252125977708,54.443777911221574,7.085750708659236,True,False
28,菱1.jpg,diamond,0.6,baseline,True,True,True,True,diamond,False,False,0.0,0.0,1.2,1.2,-16.0,True,88.17320842978395,21.957419627863384,offline diagnostic only,,1.0,12.0,100.0,4.0,True,False
28,菱1.jpg,diamond,0.6,normalize,True,True,True,True,diamond,False,False,0.0,0.0,1.2,1.2750349524580553,-16.0,True,88.17320842978395,21.957419627863384,detector source ROI,21.957419627863384,1.0625291270483794,12.750349524580553,32.303166185700654,4.250116508193518,True,False
28,菱1.jpg,diamond,0.4,baseline,True,True,True,True,diamond,False,False,0.0,0.0,1.2,1.2,-16.0,True,58.678510802469134,14.64781713095995,offline diagnostic only,,1.0,12.0,100.0,4.0,True,False
28,菱1.jpg,diamond,0.4,normalize,True,True,True,True,diamond,False,False,0.0,0.0,1.2,0.8505771231646841,-11.341028308862455,True,58.678510802469134,14.64781713095995,detector source ROI,14.64781713095995,0.7088142693039035,8.505771231646841,21.407548377911546,2.835257077215614,True,False
29,菱2.jpg,diamond,1.0,baseline,True,True,True,True,diamond,False,False,0.0,0.0,1.2,1.2,-16.0,True,147.70922550154322,35.582625244468254,offline diagnostic only,,1.0,12.0,100.0,4.0,True,False
29,菱2.jpg,diamond,1.0,normalize,True,True,True,True,diamond,False,False,0.0,0.0,1.2,2.066230534180856,-16.0,True,147.70922550154322,35.582625244468254,detector source ROI,35.582625244468254,1.7218587784840467,20.662305341808562,57.170227328866176,6.887435113936187,True,False
29,菱2.jpg,diamond,0.6,baseline,True,True,True,True,diamond,False,False,0.0,0.0,1.2,1.2,-16.0,True,88.23877073688271,21.344225057374864,offline diagnostic only,,1.0,12.0,100.0,4.0,True,False
29,菱2.jpg,diamond,0.6,normalize,True,True,True,True,diamond,False,False,0.0,0.0,1.2,1.2394276487183102,-16.0,True,88.23877073688271,21.344225057374864,detector source ROI,21.344225057374864,1.0328563739319252,12.394276487183102,33.9289849863977,4.131425495727701,True,False
29,菱2.jpg,diamond,0.4,baseline,True,True,True,True,diamond,False,False,0.0,0.0,1.2,1.2,-16.0,True,58.73629195601852,14.252603469411264,offline diagnostic only,,1.0,12.0,100.0,4.0,True,False
29,菱2.jpg,diamond,0.4,normalize,True,True,True,True,diamond,False,False,0.0,0.0,1.2,0.8276276491051707,-11.035035321402276,True,58.73629195601852,14.252603469411264,detector source ROI,14.252603469411264,0.6896897075876423,8.276276491051707,22.470939677843717,2.758758830350569,True,False
30,菱3.jpg,diamond,1.0,baseline,False,False,False,False,-,True,False,0.1811124780287957,0.1811124780287957,1.2,1.2,-16.0,True,149.35323832947532,33.52164909604756,offline diagnostic only,,1.0,12.0,100.0,4.0,False,False
30,菱3.jpg,diamond,1.0,normalize,False,False,False,False,-,True,False,1.550281164555587,0.9557087286558424,1.2,1.9465526908843636,-16.0,True,149.35323832947532,33.52164909604756,detector source ROI,33.52164909604756,1.6221272424036364,19.465526908843636,64.05833652275713,6.4885089696145455,False,False
30,菱3.jpg,diamond,0.6,baseline,False,False,False,False,-,True,False,1.0359582486879175,1.0359582486879175,1.2,1.2,-16.0,True,89.2335792824074,20.118305643588133,offline diagnostic only,,1.0,12.0,100.0,4.0,False,False
30,菱3.jpg,diamond,0.6,normalize,False,False,False,False,-,True,False,0.8671703631738149,0.8907451832712172,1.2,1.168240317603526,-15.576537568047016,True,89.2335792824074,20.118305643588133,detector source ROI,20.118305643588133,0.9735335980029385,11.682403176035262,38.043111311375476,3.894134392011754,False,False
30,菱3.jpg,diamond,0.4,baseline,False,False,False,False,-,True,False,0.0,0.0,1.2,1.2,-16.0,True,59.383866222993824,13.426971960369249,offline diagnostic only,,1.0,12.0,100.0,4.0,False,False
30,菱3.jpg,diamond,0.4,normalize,False,False,False,False,-,True,True,1.0488849785217873,1.6143222824357195,1.2,0.7796844458635931,-10.395792611514574,True,59.383866222993824,13.426971960369249,detector source ROI,13.426971960369249,0.6497370382196609,7.796844458635931,25.21931030750676,2.5989481528786436,False,False
31,菱4.jpg,diamond,1.0,baseline,True,True,True,True,diamond,False,False,0.0,0.0,1.2,1.2,-16.0,True,149.35110194830247,35.00111699731904,offline diagnostic only,,1.0,12.0,100.0,4.0,True,False
31,菱4.jpg,diamond,1.0,normalize,True,True,True,True,diamond,False,False,0.0,0.0,1.2,2.032463208473923,-16.0,True,149.35110194830247,35.00111699731904,detector source ROI,35.00111699731904,1.6937193403949358,20.32463208473923,60.291735302650665,6.774877361579743,True,False
31,菱4.jpg,diamond,0.6,baseline,True,True,True,True,diamond,False,False,0.0,0.0,1.2,1.2,-16.0,True,89.23123553240741,20.99924979455475,offline diagnostic only,,1.0,12.0,100.0,4.0,True,False
31,菱4.jpg,diamond,0.6,normalize,True,True,True,True,diamond,False,False,0.0,0.0,1.2,1.2193954443298272,-16.0,True,89.23123553240741,20.99924979455475,detector source ROI,20.99924979455475,1.016162870274856,12.19395444329827,35.79922972298913,4.064651481099424,True,False
31,菱4.jpg,diamond,0.4,baseline,True,True,True,True,diamond,False,False,0.0,0.0,1.2,1.2,-16.0,True,59.38196614583333,14.011434556580728,offline diagnostic only,,1.0,12.0,100.0,4.0,True,False
31,菱4.jpg,diamond,0.4,normalize,True,True,True,True,diamond,False,False,0.0,0.0,1.2,0.8136233262604664,-10.84831101680622,True,59.38196614583333,14.011434556580728,detector source ROI,14.011434556580728,0.6780194385503887,8.136233262604664,23.730261444475957,2.712077754201555,True,False
