key,video,method,center_hits,center_pixels,near_lane_pixels,candidate_pixels
camera_commands3_134,camera_commands3.avi,fixed,679,716,7779,8057
camera_commands3_134,camera_commands3.avi,normalized,679,716,7779,8057
camera_commands3_268,camera_commands3.avi,fixed,681,681,5935,5935
camera_commands3_268,camera_commands3.avi,normalized,681,681,5984,5984
camera_commands3_536,camera_commands3.avi,fixed,459,625,3152,3152
camera_commands3_536,camera_commands3.avi,normalized,459,625,3152,3152
camera_commands3_670,camera_commands3.avi,fixed,425,591,3954,3954
camera_commands3_670,camera_commands3.avi,normalized,481,591,4815,4815
camera_commands3_805,camera_commands3.avi,fixed,186,222,1441,1441
camera_commands3_805,camera_commands3.avi,normalized,222,222,1706,1706
camera_commands3_939,camera_commands3.avi,fixed,175,175,1623,1623
camera_commands3_939,camera_commands3.avi,normalized,175,175,1888,1888
camera_commands3_1073,camera_commands3.avi,fixed,568,690,3841,3841
camera_commands3_1073,camera_commands3.avi,normalized,630,690,4360,4486
WIN_20260919_18_10_34_Pro_flip_40,WIN_20260919_18_10_34_Pro_flip.mp4,fixed,131,725,818,818
WIN_20260919_18_10_34_Pro_flip_40,WIN_20260919_18_10_34_Pro_flip.mp4,normalized,117,725,687,687
WIN_20260919_18_10_34_Pro_flip_80,WIN_20260919_18_10_34_Pro_flip.mp4,fixed,246,641,1374,1374
WIN_20260919_18_10_34_Pro_flip_80,WIN_20260919_18_10_34_Pro_flip.mp4,normalized,247,641,1392,1392
WIN_20260919_18_11_50_Pro_flip_83,WIN_20260919_18_11_50_Pro_flip.mp4,fixed,187,464,978,978
WIN_20260919_18_11_50_Pro_flip_83,WIN_20260919_18_11_50_Pro_flip.mp4,normalized,194,464,1027,1027
WIN_20260919_18_13_14_Pro_flip_51,WIN_20260919_18_13_14_Pro_flip.mp4,fixed,362,684,2373,2373
WIN_20260919_18_13_14_Pro_flip_51,WIN_20260919_18_13_14_Pro_flip.mp4,normalized,400,684,2680,2680
WIN_20260919_18_13_14_Pro_flip_103,WIN_20260919_18_13_14_Pro_flip.mp4,fixed,89,363,848,848
WIN_20260919_18_13_14_Pro_flip_103,WIN_20260919_18_13_14_Pro_flip.mp4,normalized,89,363,848,848
WIN_20260919_18_13_53_Pro_flip_37,WIN_20260919_18_13_53_Pro_flip.mp4,fixed,252,532,1708,1708
WIN_20260919_18_13_53_Pro_flip_37,WIN_20260919_18_13_53_Pro_flip.mp4,normalized,252,532,1708,1708
WIN_20260919_18_13_53_Pro_flip_75,WIN_20260919_18_13_53_Pro_flip.mp4,fixed,111,340,840,840
WIN_20260919_18_13_53_Pro_flip_75,WIN_20260919_18_13_53_Pro_flip.mp4,normalized,111,340,854,854
