key,video,split,method,center_hits,center_pixels,near_lane_pixels,candidate_pixels
camera_commands3_134,camera_commands3.avi,early,legacy,679,716,7779,8057
camera_commands3_134,camera_commands3.avi,early,contrast,614,716,6360,6642
camera_commands3_134,camera_commands3.avi,early,gain_2.4,679,716,7779,8057
camera_commands3_268,camera_commands3.avi,early,legacy,681,681,5935,5935
camera_commands3_268,camera_commands3.avi,early,contrast,681,681,5735,6742
camera_commands3_268,camera_commands3.avi,early,gain_2.4,681,681,6349,6349
camera_commands3_536,camera_commands3.avi,early,legacy,459,625,3152,3152
camera_commands3_536,camera_commands3.avi,early,contrast,610,625,3946,4854
camera_commands3_536,camera_commands3.avi,early,gain_2.4,441,625,2979,2979
camera_commands3_670,camera_commands3.avi,early,legacy,425,591,3954,3954
camera_commands3_670,camera_commands3.avi,early,contrast,546,591,4665,4672
camera_commands3_670,camera_commands3.avi,early,gain_2.4,506,591,5510,5510
camera_commands3_805,camera_commands3.avi,later,legacy,186,222,1441,1441
camera_commands3_805,camera_commands3.avi,later,contrast,222,222,1839,1892
camera_commands3_805,camera_commands3.avi,later,gain_2.4,222,222,1995,1995
camera_commands3_939,camera_commands3.avi,later,legacy,175,175,1623,1623
camera_commands3_939,camera_commands3.avi,later,contrast,175,175,1888,2306
camera_commands3_939,camera_commands3.avi,later,gain_2.4,175,175,1984,1984
camera_commands3_1073,camera_commands3.avi,later,legacy,568,690,3841,3841
camera_commands3_1073,camera_commands3.avi,later,contrast,684,690,4228,5212
camera_commands3_1073,camera_commands3.avi,later,gain_2.4,478,690,3092,3092
WIN_20260919_18_10_34_Pro_flip_40,WIN_20260919_18_10_34_Pro_flip.mp4,early,legacy,131,725,818,818
WIN_20260919_18_10_34_Pro_flip_40,WIN_20260919_18_10_34_Pro_flip.mp4,early,contrast,672,725,3510,3637
WIN_20260919_18_10_34_Pro_flip_40,WIN_20260919_18_10_34_Pro_flip.mp4,early,gain_2.4,85,725,500,500
WIN_20260919_18_10_34_Pro_flip_80,WIN_20260919_18_10_34_Pro_flip.mp4,later,legacy,246,641,1374,1374
WIN_20260919_18_10_34_Pro_flip_80,WIN_20260919_18_10_34_Pro_flip.mp4,later,contrast,626,641,3590,3605
WIN_20260919_18_10_34_Pro_flip_80,WIN_20260919_18_10_34_Pro_flip.mp4,later,gain_2.4,0,641,0,0
WIN_20260919_18_11_50_Pro_flip_83,WIN_20260919_18_11_50_Pro_flip.mp4,later,legacy,187,464,978,978
WIN_20260919_18_11_50_Pro_flip_83,WIN_20260919_18_11_50_Pro_flip.mp4,later,contrast,432,464,2297,2494
WIN_20260919_18_11_50_Pro_flip_83,WIN_20260919_18_11_50_Pro_flip.mp4,later,gain_2.4,0,464,0,0
WIN_20260919_18_13_14_Pro_flip_51,WIN_20260919_18_13_14_Pro_flip.mp4,early,legacy,362,684,2373,2373
WIN_20260919_18_13_14_Pro_flip_51,WIN_20260919_18_13_14_Pro_flip.mp4,early,contrast,605,684,4757,4792
WIN_20260919_18_13_14_Pro_flip_51,WIN_20260919_18_13_14_Pro_flip.mp4,early,gain_2.4,0,684,0,0
WIN_20260919_18_13_14_Pro_flip_103,WIN_20260919_18_13_14_Pro_flip.mp4,later,legacy,89,363,848,848
WIN_20260919_18_13_14_Pro_flip_103,WIN_20260919_18_13_14_Pro_flip.mp4,later,contrast,363,363,2962,2962
WIN_20260919_18_13_14_Pro_flip_103,WIN_20260919_18_13_14_Pro_flip.mp4,later,gain_2.4,0,363,0,0
WIN_20260919_18_13_53_Pro_flip_37,WIN_20260919_18_13_53_Pro_flip.mp4,early,legacy,252,532,1708,1708
WIN_20260919_18_13_53_Pro_flip_37,WIN_20260919_18_13_53_Pro_flip.mp4,early,contrast,521,532,4291,5258
WIN_20260919_18_13_53_Pro_flip_37,WIN_20260919_18_13_53_Pro_flip.mp4,early,gain_2.4,106,532,585,585
WIN_20260919_18_13_53_Pro_flip_75,WIN_20260919_18_13_53_Pro_flip.mp4,later,legacy,111,340,840,840
WIN_20260919_18_13_53_Pro_flip_75,WIN_20260919_18_13_53_Pro_flip.mp4,later,contrast,339,340,2830,2834
WIN_20260919_18_13_53_Pro_flip_75,WIN_20260919_18_13_53_Pro_flip.mp4,later,gain_2.4,0,340,0,0
