video,scope,samples,gray_mean,gray_std_spatial,gray_p5,gray_p50,gray_p95,gray_ge250_fraction,gray_le5_fraction,laplacian_variance,r_over_g,b_over_g
camera_commands3.avi,whole_raw,68,40.97100643382354,22.575015016900604,4.588235294117647,45.35294117647059,70.25,3.319035947712418e-06,0.11519531250000002,80.25903036599766,0.898677752792792,0.9711559793102
camera_commands3.avi,whole_common_without_hud,68,47.8001980377907,18.53138181182805,12.014705882352942,50.970588235294116,71.07352941176471,0.0,0.08082453402872779,4.409527501072125,0.883240938522645,0.9542292187354284
camera_commands3.avi,ground_roi,45,64.59060292352538,15.04328130127315,28.04333333333335,66.93333333333334,80.42222222222222,0.0,0.010901920438957475,8.788601639509995,0.9314174934436952,0.9874758972658463
WIN_20260919_18_10_34_Pro_flip.mp4,whole_raw,14,127.55850625551147,36.76471173836977,50.92857142857143,141.85714285714286,165.07142857142858,1.1022927689594357e-06,0.0030055390211640213,67.64584508022246,0.9282289242650436,1.0168883978366767
WIN_20260919_18_10_34_Pro_flip.mp4,whole_common_without_hud,14,126.61057395487263,37.99575354249105,47.857142857142854,140.35714285714286,165.92857142857142,1.3842746400885937e-06,0.003739271871539313,75.25202810610874,0.9232125908407962,1.0118585071016015
WIN_20260919_18_10_34_Pro_flip.mp4,ground_roi,11,149.22717452300785,24.36563041832469,97.27272727272727,154.9090909090909,171.36363636363637,0.0,0.0002069304152637486,69.23013221550546,0.9819935532164602,1.006128052144238
WIN_20260919_18_11_50_Pro_flip.mp4,whole_raw,14,132.82696566358024,34.00976749121323,59.92857142857143,144.07142857142858,167.64285714285714,3.720238095238095e-06,0.0010857583774250442,70.55862684235856,0.9504144912370409,1.012897461585716
WIN_20260919_18_11_50_Pro_flip.mp4,whole_common_without_hud,14,132.6472688261351,35.08071600808936,58.785714285714285,144.71428571428572,168.42857142857142,4.671926910299004e-06,0.0013154069767441858,76.56281463315237,0.9467770726808918,1.0082093150429816
WIN_20260919_18_11_50_Pro_flip.mp4,ground_roi,13,153.46796875,20.021355548713665,108.76923076923077,157.23076923076923,173.30769230769232,0.0,1.9290123456790126e-05,90.13892245046064,0.9839237199825823,1.0044754407677374
WIN_20260919_18_13_14_Pro_flip.mp4,whole_raw,18,134.44316625943074,33.43198532330353,56.5,145.5,166.05555555555554,3.825874485596708e-05,0.002551868998628258,100.59754738957446,0.9383006610791652,1.0028330271954062
WIN_20260919_18_13_14_Pro_flip.mp4,whole_common_without_hud,18,134.24645523794143,35.08085829818414,53.77777777777778,146.55555555555554,166.61111111111111,4.8045865633074937e-05,0.003093238587424634,108.95971053417183,0.9348087164113651,0.9975161532706276
WIN_20260919_18_13_14_Pro_flip.mp4,ground_roi,11,155.35054538439957,17.502559323476664,118.0909090909091,159.0909090909091,171.27272727272728,0.0,0.0,18.95840387241211,0.9708502614388387,0.9971854047590842
WIN_20260919_18_13_53_Pro_flip.mp4,whole_raw,13,133.079587191358,34.303958431262814,55.38461538461539,143.07692307692307,166.69230769230768,4.8670465337132e-05,0.004383309591642925,79.80332141595191,0.9410742743434161,0.9959945916912064
WIN_20260919_18_13_53_Pro_flip.mp4,whole_common_without_hud,13,134.3010955202743,35.670939308591365,51.46153846153846,146.07692307692307,167.92307692307693,6.112104949314252e-05,0.005212991949910554,87.4307480115264,0.9379536523119155,0.9919546120879582
WIN_20260919_18_13_53_Pro_flip.mp4,ground_roi,8,151.94912229938274,20.972202402802445,116.375,155.375,170.625,0.0,3.7374614197530866e-05,42.76988713752131,0.9754369771195475,0.9933223332266369
