video,controller,start_frame,start_time_s,vx,wz,start_reason,end_time_s,duration_s,ended_reason,completed,normal_hold_evaluable,normal_short_change
WIN_20260919_18_10_34_Pro_flip.mp4,old_discrete,0,0.0,0.5,0.0,valid_frame,4.692492012779553,4.692492012779553,loss,True,False,False
WIN_20260919_18_10_34_Pro_flip.mp4,old_discrete,94,4.692492012779553,0.37519968051118213,0.0,loss,4.742412140575079,0.04992012779552635,loss,True,False,False
WIN_20260919_18_10_34_Pro_flip.mp4,old_discrete,95,4.742412140575079,0.2503993610223642,0.0,loss,4.792332268370607,0.049920127795527236,valid_frame,True,False,False
WIN_20260919_18_10_34_Pro_flip.mp4,old_discrete,96,4.792332268370607,0.5,0.0,valid_frame,5.391373801916933,0.5990415335463259,loss,True,False,False
WIN_20260919_18_10_34_Pro_flip.mp4,old_discrete,108,5.391373801916933,0.37519968051118213,0.0,loss,5.44129392971246,0.049920127795527236,valid_frame,True,False,False
WIN_20260919_18_10_34_Pro_flip.mp4,old_discrete,109,5.44129392971246,0.5,0.0,valid_frame,6.689297124600639,1.2480031948881791,video_end,False,False,False
WIN_20260919_18_10_34_Pro_flip.mp4,new_heading,0,0.0,0.5,0.0,new_block,6.689297124600639,6.689297124600639,video_end,False,False,False
WIN_20260919_18_11_50_Pro_flip.mp4,old_discrete,0,0.0,0.5,0.5,valid_frame,1.049265514140102,1.049265514140102,loss,True,False,False
WIN_20260919_18_11_50_Pro_flip.mp4,old_discrete,21,1.049265514140102,0.375087438792845,0.0,loss,1.099230538622964,0.049965024482862,valid_frame,True,False,False
WIN_20260919_18_11_50_Pro_flip.mp4,new_heading,0,0.0,0.5,0.0,new_block,1.099230538622964,1.099230538622964,new_block,True,True,False
WIN_20260919_18_11_50_Pro_flip.mp4,old_discrete,22,1.099230538622964,0.5,0.0,valid_frame,1.199160587588688,0.099930048965724,loss,True,False,False
WIN_20260919_18_11_50_Pro_flip.mp4,old_discrete,24,1.199160587588688,0.375087438792845,0.0,loss,1.24912561207155,0.049965024482862,valid_frame,True,False,False
WIN_20260919_18_11_50_Pro_flip.mp4,old_discrete,25,1.24912561207155,0.5,0.0,valid_frame,1.49895073448586,0.24982512241430999,loss,True,False,False
WIN_20260919_18_11_50_Pro_flip.mp4,old_discrete,30,1.49895073448586,0.375087438792845,0.0,loss,1.548915758968722,0.049965024482862,valid_frame,True,False,False
WIN_20260919_18_11_50_Pro_flip.mp4,new_heading,22,1.099230538622964,0.5,0.31888029951686897,new_block,1.648845807934446,0.549615269311482,new_block,True,True,False
WIN_20260919_18_11_50_Pro_flip.mp4,old_discrete,31,1.548915758968722,0.5,0.0,valid_frame,1.74877585690017,0.199860097931448,loss,True,False,False
WIN_20260919_18_11_50_Pro_flip.mp4,old_discrete,35,1.74877585690017,0.375087438792845,0.0,loss,1.798740881383032,0.049965024482862,valid_frame,True,False,False
WIN_20260919_18_11_50_Pro_flip.mp4,old_discrete,36,1.798740881383032,0.5,0.0,valid_frame,2.098531028280204,0.299790146897172,loss,True,False,False
WIN_20260919_18_11_50_Pro_flip.mp4,old_discrete,42,2.098531028280204,0.375087438792845,0.0,loss,2.148496052763066,0.04996502448286222,valid_frame,True,False,False
WIN_20260919_18_11_50_Pro_flip.mp4,old_discrete,43,2.148496052763066,0.5,0.0,valid_frame,2.24842610172879,0.099930048965724,loss,True,False,False
WIN_20260919_18_11_50_Pro_flip.mp4,new_heading,33,1.648845807934446,0.5,0.4114996144356958,new_block,2.24842610172879,0.5995802937943442,geometry_lost,True,False,False
WIN_20260919_18_11_50_Pro_flip.mp4,old_discrete,45,2.24842610172879,0.375087438792845,0.0,loss,2.298391126211652,0.049965024482861775,loss,True,False,False
WIN_20260919_18_11_50_Pro_flip.mp4,old_discrete,46,2.298391126211652,0.25017487758569,0.0,loss,2.348356150694514,0.04996502448286222,valid_frame,True,False,False
WIN_20260919_18_11_50_Pro_flip.mp4,new_heading,45,2.24842610172879,0.0,0.0,geometry_lost,2.398321175177376,0.14989507344858577,new_block,True,False,False
WIN_20260919_18_11_50_Pro_flip.mp4,old_discrete,47,2.348356150694514,0.5,0.0,valid_frame,2.74807634655741,0.399720195862896,loss,True,False,False
WIN_20260919_18_11_50_Pro_flip.mp4,old_discrete,55,2.74807634655741,0.375087438792845,0.0,loss,2.798041371040272,0.049965024482861775,valid_frame,True,False,False
WIN_20260919_18_11_50_Pro_flip.mp4,new_heading,48,2.398321175177376,0.5,0.0,new_block,3.047866493454582,0.6495453182772062,new_block,True,True,False
WIN_20260919_18_11_50_Pro_flip.mp4,old_discrete,56,2.798041371040272,0.5,0.0,valid_frame,3.24772659138603,0.4496852203457582,loss,True,False,False
WIN_20260919_18_11_50_Pro_flip.mp4,old_discrete,65,3.24772659138603,0.375087438792845,0.0,loss,3.297691615868892,0.049965024482861775,loss,True,False,False
WIN_20260919_18_11_50_Pro_flip.mp4,old_discrete,66,3.297691615868892,0.25017487758569,0.0,loss,3.347656640351754,0.04996502448286222,valid_frame,True,False,False
WIN_20260919_18_11_50_Pro_flip.mp4,old_discrete,67,3.347656640351754,0.5,0.0,valid_frame,3.397621664834616,0.049965024482861775,loss,True,False,False
WIN_20260919_18_11_50_Pro_flip.mp4,old_discrete,68,3.397621664834616,0.375087438792845,0.0,loss,3.447586689317478,0.04996502448286222,valid_frame,True,False,False
WIN_20260919_18_11_50_Pro_flip.mp4,new_heading,61,3.047866493454582,0.5,0.5,new_block,3.447586689317478,0.399720195862896,geometry_lost,True,False,False
WIN_20260919_18_11_50_Pro_flip.mp4,old_discrete,69,3.447586689317478,0.5,0.0,valid_frame,3.49755171380034,0.049965024482861775,loss,True,False,False
WIN_20260919_18_11_50_Pro_flip.mp4,old_discrete,70,3.49755171380034,0.375087438792845,0.0,loss,3.547516738283202,0.04996502448286222,valid_frame,True,False,False
WIN_20260919_18_11_50_Pro_flip.mp4,new_heading,69,3.447586689317478,0.0,0.0,geometry_lost,3.547516738283202,0.099930048965724,new_block,True,False,False
WIN_20260919_18_11_50_Pro_flip.mp4,old_discrete,71,3.547516738283202,0.5,0.0,valid_frame,3.597481762766064,0.049965024482861775,loss,True,False,False
WIN_20260919_18_11_50_Pro_flip.mp4,old_discrete,72,3.597481762766064,0.375087438792845,0.0,loss,3.647446787248926,0.04996502448286222,loss,True,False,False
WIN_20260919_18_11_50_Pro_flip.mp4,old_discrete,73,3.647446787248926,0.25017487758569,0.0,loss,3.697411811731788,0.049965024482861775,loss,True,False,False
WIN_20260919_18_11_50_Pro_flip.mp4,old_discrete,74,3.697411811731788,0.12526231637853502,0.0,loss,3.74737683621465,0.04996502448286222,valid_frame,True,False,False
WIN_20260919_18_11_50_Pro_flip.mp4,old_discrete,75,3.74737683621465,0.5,0.0,valid_frame,6.045767962426302,2.298391126211652,loss,True,False,False
WIN_20260919_18_11_50_Pro_flip.mp4,old_discrete,121,6.045767962426302,0.375087438792845,0.0,loss,6.095732986909164,0.04996502448286222,loss,True,False,False
WIN_20260919_18_11_50_Pro_flip.mp4,old_discrete,122,6.095732986909164,0.25017487758569,0.0,loss,6.145698011392025,0.04996502448286133,valid_frame,True,False,False
WIN_20260919_18_11_50_Pro_flip.mp4,old_discrete,123,6.145698011392025,0.5,0.0,valid_frame,6.295593084840612,0.14989507344858666,loss,True,False,False
WIN_20260919_18_11_50_Pro_flip.mp4,old_discrete,126,6.295593084840612,0.375087438792845,0.0,loss,6.345558109323473,0.04996502448286133,valid_frame,True,False,False
WIN_20260919_18_11_50_Pro_flip.mp4,old_discrete,127,6.345558109323473,0.5,0.0,valid_frame,6.945138403117817,0.599580293794344,video_end,False,False,False
WIN_20260919_18_11_50_Pro_flip.mp4,new_heading,71,3.547516738283202,0.5,0.0,new_block,6.945138403117817,3.3976216648346154,video_end,False,False,False
WIN_20260919_18_13_14_Pro_flip.mp4,new_heading,0,0.0,0.5,0.2738372932272172,new_block,0.5494505494505495,0.5494505494505495,new_block,True,True,False
WIN_20260919_18_13_14_Pro_flip.mp4,old_discrete,0,0.0,0.5,0.5,valid_frame,1.048951048951049,1.048951048951049,valid_frame,True,False,False
WIN_20260919_18_13_14_Pro_flip.mp4,new_heading,11,0.5494505494505495,0.5,0.25753954352465014,new_block,1.098901098901099,0.5494505494505495,new_block,True,True,False
WIN_20260919_18_13_14_Pro_flip.mp4,new_heading,22,1.098901098901099,0.5,0.28403667092006224,new_block,2.097902097902098,0.9990009990009989,new_block,True,True,False
WIN_20260919_18_13_14_Pro_flip.mp4,new_heading,42,2.097902097902098,0.5,0.3480124386598871,new_block,2.647352647352647,0.5494505494505493,new_block,True,True,False
WIN_20260919_18_13_14_Pro_flip.mp4,old_discrete,21,1.048951048951049,0.5,0.0,valid_frame,3.5964035964035963,2.547452547452547,loss,True,False,False
WIN_20260919_18_13_14_Pro_flip.mp4,old_discrete,72,3.5964035964035963,0.37512487512487513,0.0,loss,3.6463536463536466,0.04995004995005026,valid_frame,True,False,False
WIN_20260919_18_13_14_Pro_flip.mp4,old_discrete,73,3.6463536463536466,0.5,0.0,valid_frame,4.2957042957042955,0.6493506493506489,loss,True,False,False
WIN_20260919_18_13_14_Pro_flip.mp4,old_discrete,86,4.2957042957042955,0.37512487512487513,0.0,loss,4.345654345654346,0.04995004995005026,valid_frame,True,False,False
WIN_20260919_18_13_14_Pro_flip.mp4,old_discrete,87,4.345654345654346,0.5,0.0,valid_frame,4.495504495504496,0.14985014985014988,loss,True,False,False
WIN_20260919_18_13_14_Pro_flip.mp4,old_discrete,90,4.495504495504496,0.37512487512487513,0.0,loss,4.545454545454546,0.04995004995005026,valid_frame,True,False,False
WIN_20260919_18_13_14_Pro_flip.mp4,new_heading,53,2.647352647352647,0.5,0.0,new_block,4.545454545454546,1.8981018981018987,new_block,True,True,False
WIN_20260919_18_13_14_Pro_flip.mp4,new_heading,91,4.545454545454546,0.5,0.19667163112262553,new_block,5.094905094905095,0.5494505494505493,new_block,True,True,False
WIN_20260919_18_13_14_Pro_flip.mp4,old_discrete,91,4.545454545454546,0.5,0.0,valid_frame,5.594405594405594,1.0489510489510483,loss,True,False,False
WIN_20260919_18_13_14_Pro_flip.mp4,old_discrete,112,5.594405594405594,0.37512487512487513,0.0,loss,5.644355644355644,0.04995004995005026,valid_frame,True,False,False
WIN_20260919_18_13_14_Pro_flip.mp4,old_discrete,113,5.644355644355644,0.5,0.5,valid_frame,5.694305694305695,0.04995004995005026,loss,True,False,False
WIN_20260919_18_13_14_Pro_flip.mp4,old_discrete,114,5.694305694305695,0.37512487512487513,0.37512487512487513,loss,5.744255744255744,0.04995004995004937,loss,True,False,False
WIN_20260919_18_13_14_Pro_flip.mp4,old_discrete,115,5.744255744255744,0.25024975024975027,0.25024975024975027,loss,5.794205794205794,0.04995004995005026,valid_frame,True,False,False
WIN_20260919_18_13_14_Pro_flip.mp4,new_heading,102,5.094905094905095,0.5,0.31610752660931246,new_block,5.794205794205794,0.6993006993006992,geometry_lost,True,False,False
WIN_20260919_18_13_14_Pro_flip.mp4,old_discrete,116,5.794205794205794,0.5,0.5,valid_frame,5.994005994005994,0.19980019980020014,loss,True,False,False
WIN_20260919_18_13_14_Pro_flip.mp4,old_discrete,120,5.994005994005994,0.37512487512487513,0.37512487512487513,loss,6.043956043956044,0.04995004995004937,valid_frame,True,False,False
WIN_20260919_18_13_14_Pro_flip.mp4,old_discrete,121,6.043956043956044,0.5,0.5,valid_frame,6.143856143856144,0.09990009990010051,loss,True,False,False
WIN_20260919_18_13_14_Pro_flip.mp4,old_discrete,123,6.143856143856144,0.37512487512487513,0.37512487512487513,loss,6.193806193806194,0.04995004995004937,loss,True,False,False
WIN_20260919_18_13_14_Pro_flip.mp4,old_discrete,124,6.193806193806194,0.25024975024975027,0.25024975024975027,loss,6.243756243756244,0.04995004995005026,loss,True,False,False
WIN_20260919_18_13_14_Pro_flip.mp4,old_discrete,125,6.243756243756244,0.1253746253746254,0.1253746253746254,loss,6.293706293706294,0.04995004995005026,loss,True,False,False
WIN_20260919_18_13_14_Pro_flip.mp4,old_discrete,126,6.293706293706294,0.0004995004995004826,0.0004995004995004826,loss,6.343656343656344,0.04995004995004937,valid_frame,True,False,False
WIN_20260919_18_13_14_Pro_flip.mp4,old_discrete,127,6.343656343656344,0.5,0.5,valid_frame,6.443556443556444,0.09990009990010051,loss,True,False,False
WIN_20260919_18_13_14_Pro_flip.mp4,old_discrete,129,6.443556443556444,0.37512487512487513,0.37512487512487513,loss,6.4935064935064934,0.04995004995004937,loss,True,False,False
WIN_20260919_18_13_14_Pro_flip.mp4,old_discrete,130,6.4935064935064934,0.25024975024975027,0.25024975024975027,loss,6.543456543456544,0.04995004995005026,loss,True,False,False
WIN_20260919_18_13_14_Pro_flip.mp4,old_discrete,131,6.543456543456544,0.1253746253746254,0.1253746253746254,loss,6.593406593406594,0.04995004995005026,loss,True,False,False
WIN_20260919_18_13_14_Pro_flip.mp4,old_discrete,132,6.593406593406594,0.0004995004995004826,0.0004995004995004826,loss,6.643356643356643,0.04995004995004937,loss,True,False,False
WIN_20260919_18_13_14_Pro_flip.mp4,old_discrete,133,6.643356643356643,0.0,0.0,loss,6.693306693306694,0.04995004995005026,valid_frame,True,False,False
WIN_20260919_18_13_14_Pro_flip.mp4,new_heading,116,5.794205794205794,0.0,0.0,geometry_lost,6.693306693306694,0.8991008991008993,new_block,True,False,False
WIN_20260919_18_13_14_Pro_flip.mp4,old_discrete,134,6.693306693306694,0.5,0.0,valid_frame,6.8431568431568435,0.14985014985014988,loss,True,False,False
WIN_20260919_18_13_14_Pro_flip.mp4,old_discrete,137,6.8431568431568435,0.37512487512487513,0.0,loss,6.893106893106893,0.04995004995004937,valid_frame,True,False,False
WIN_20260919_18_13_14_Pro_flip.mp4,old_discrete,138,6.893106893106893,0.5,0.0,valid_frame,6.943056943056943,0.04995004995005026,loss,True,False,False
WIN_20260919_18_13_14_Pro_flip.mp4,old_discrete,139,6.943056943056943,0.37512487512487513,0.0,loss,6.993006993006993,0.04995004995005026,valid_frame,True,False,False
WIN_20260919_18_13_14_Pro_flip.mp4,new_heading,134,6.693306693306694,0.5,0.26011220692389747,new_block,7.042957042957043,0.34965034965034913,geometry_lost,True,False,False
WIN_20260919_18_13_14_Pro_flip.mp4,new_heading,141,7.042957042957043,0.0,0.0,geometry_lost,7.092907092907093,0.04995004995005026,new_block,True,False,False
WIN_20260919_18_13_14_Pro_flip.mp4,old_discrete,140,6.993006993006993,0.5,0.0,valid_frame,7.492507492507492,0.499500499500499,loss,True,False,False
WIN_20260919_18_13_14_Pro_flip.mp4,new_heading,142,7.092907092907093,0.5,0.0,new_block,7.492507492507492,0.3996003996003994,geometry_lost,True,False,False
WIN_20260919_18_13_14_Pro_flip.mp4,old_discrete,150,7.492507492507492,0.37512487512487513,0.0,loss,7.542457542457543,0.04995004995005026,valid_frame,True,False,False
WIN_20260919_18_13_14_Pro_flip.mp4,old_discrete,151,7.542457542457543,0.5,0.0,valid_frame,7.892107892107893,0.34965034965035,loss,True,False,False
WIN_20260919_18_13_14_Pro_flip.mp4,old_discrete,158,7.892107892107893,0.37512487512487513,0.0,loss,7.942057942057942,0.04995004995004937,valid_frame,True,False,False
WIN_20260919_18_13_14_Pro_flip.mp4,new_heading,150,7.492507492507492,0.0,0.0,geometry_lost,8.091908091908092,0.5994005994005995,new_block,True,False,False
WIN_20260919_18_13_14_Pro_flip.mp4,new_heading,162,8.091908091908092,0.5,0.0,new_block,8.491508491508492,0.3996003996004003,geometry_lost,True,False,False
WIN_20260919_18_13_14_Pro_flip.mp4,old_discrete,159,7.942057942057942,0.5,0.0,valid_frame,8.641358641358641,0.6993006993006992,video_end,False,False,False
WIN_20260919_18_13_14_Pro_flip.mp4,new_heading,170,8.491508491508492,0.0,0.0,geometry_lost,8.641358641358641,0.149850149850149,video_end,False,False,False
WIN_20260919_18_13_53_Pro_flip.mp4,new_heading,0,0.0,0.5,0.14724144188319038,new_block,0.5492310764929099,0.5492310764929099,new_block,True,True,False
WIN_20260919_18_13_53_Pro_flip.mp4,old_discrete,0,0.0,0.5,0.5,valid_frame,0.7988815658078691,0.7988815658078691,valid_frame,True,False,False
WIN_20260919_18_13_53_Pro_flip.mp4,new_heading,11,0.5492310764929099,0.5,0.0,new_block,0.9486718593968445,0.3994407829039346,geometry_lost,True,False,False
WIN_20260919_18_13_53_Pro_flip.mp4,old_discrete,16,0.7988815658078691,0.5,0.0,valid_frame,0.9986019572598362,0.19972039145196718,loss,True,False,False
WIN_20260919_18_13_53_Pro_flip.mp4,old_discrete,20,0.9986019572598362,0.3751747553425205,0.0,loss,1.048532055122828,0.04993009786299185,valid_frame,True,False,False
WIN_20260919_18_13_53_Pro_flip.mp4,new_heading,19,0.9486718593968445,0.0,0.0,geometry_lost,1.048532055122828,0.09986019572598359,new_block,True,False,False
WIN_20260919_18_13_53_Pro_flip.mp4,new_heading,21,1.048532055122828,0.5,0.0,new_block,1.7974835230677053,0.7489514679448772,new_block,True,True,False
WIN_20260919_18_13_53_Pro_flip.mp4,new_heading,36,1.7974835230677053,0.5,0.06719314639442127,new_block,2.3467145995606153,0.54923107649291,new_block,True,True,False
WIN_20260919_18_13_53_Pro_flip.mp4,new_heading,47,2.3467145995606153,0.5,0.17354767879522165,new_block,2.8959456760535254,0.54923107649291,new_block,True,True,False
WIN_20260919_18_13_53_Pro_flip.mp4,new_heading,58,2.8959456760535254,0.5,0.0,new_block,3.4451767525464354,0.54923107649291,new_block,True,True,False
WIN_20260919_18_13_53_Pro_flip.mp4,old_discrete,21,1.048532055122828,0.5,0.0,valid_frame,3.545036948272419,2.4965048931495906,valid_frame,True,False,False
WIN_20260919_18_13_53_Pro_flip.mp4,old_discrete,71,3.545036948272419,0.5,0.5,valid_frame,3.694827241861394,0.14979029358897522,loss,True,False,False
WIN_20260919_18_13_53_Pro_flip.mp4,old_discrete,74,3.694827241861394,0.3751747553425205,0.3751747553425205,loss,3.7447573397243863,0.049930097862992184,valid_frame,True,False,False
WIN_20260919_18_13_53_Pro_flip.mp4,old_discrete,75,3.7447573397243863,0.5,0.5,valid_frame,4.14419812262832,0.3994407829039339,loss,True,False,False
WIN_20260919_18_13_53_Pro_flip.mp4,old_discrete,83,4.14419812262832,0.3751747553425205,0.3751747553425205,loss,4.194128220491312,0.049930097862992184,loss,True,False,False
WIN_20260919_18_13_53_Pro_flip.mp4,old_discrete,84,4.194128220491312,0.25034951068504097,0.25034951068504097,loss,4.244058318354305,0.049930097862992184,loss,True,False,False
WIN_20260919_18_13_53_Pro_flip.mp4,old_discrete,85,4.244058318354305,0.1255242660275614,0.1255242660275614,loss,4.293988416217296,0.049930097862991296,loss,True,False,False
WIN_20260919_18_13_53_Pro_flip.mp4,new_heading,69,3.4451767525464354,0.5,0.5,new_block,4.293988416217296,0.8488116636708605,geometry_lost,True,False,False
WIN_20260919_18_13_53_Pro_flip.mp4,old_discrete,86,4.293988416217296,0.0006990213700818759,0.0006990213700818759,loss,4.343918514080288,0.049930097862992184,loss,True,False,False
WIN_20260919_18_13_53_Pro_flip.mp4,old_discrete,87,4.343918514080288,0.0,0.0,loss,4.4437787098062715,0.09986019572598348,valid_frame,True,False,False
WIN_20260919_18_13_53_Pro_flip.mp4,new_heading,86,4.293988416217296,0.0,0.0,geometry_lost,4.543638905532255,0.24965048931495915,new_block,True,False,False
WIN_20260919_18_13_53_Pro_flip.mp4,old_discrete,89,4.4437787098062715,0.5,0.0,valid_frame,4.743359296984222,0.29958058717795044,loss,True,False,False
WIN_20260919_18_13_53_Pro_flip.mp4,old_discrete,95,4.743359296984222,0.3751747553425205,0.0,loss,4.793289394847214,0.049930097862992184,valid_frame,True,False,False
WIN_20260919_18_13_53_Pro_flip.mp4,new_heading,91,4.543638905532255,0.5,0.0,new_block,4.94307968843619,0.3994407829039348,geometry_lost,True,False,False
WIN_20260919_18_13_53_Pro_flip.mp4,new_heading,99,4.94307968843619,0.0,0.0,geometry_lost,5.042939884162173,0.09986019572598348,new_block,True,False,False
WIN_20260919_18_13_53_Pro_flip.mp4,old_discrete,96,4.793289394847214,0.5,0.0,valid_frame,5.392450569203116,0.5991611743559018,loss,True,False,False
WIN_20260919_18_13_53_Pro_flip.mp4,old_discrete,108,5.392450569203116,0.3751747553425205,0.0,loss,5.442380667066108,0.049930097862992184,loss,True,False,False
WIN_20260919_18_13_53_Pro_flip.mp4,old_discrete,109,5.442380667066108,0.25034951068504097,0.0,loss,5.492310764929099,0.049930097862991296,loss,True,False,False
WIN_20260919_18_13_53_Pro_flip.mp4,old_discrete,110,5.492310764929099,0.1255242660275614,0.0,loss,5.542240862792092,0.049930097862992184,valid_frame,True,False,False
WIN_20260919_18_13_53_Pro_flip.mp4,old_discrete,111,5.542240862792092,0.5,0.0,valid_frame,6.241262232873977,0.6990213700818853,video_end,False,False,False
WIN_20260919_18_13_53_Pro_flip.mp4,new_heading,101,5.042939884162173,0.5,0.0,new_block,6.241262232873977,1.1983223487118035,video_end,False,False,False
